,Index(Frame ID),Front vehicle position(global_X),Front vehicle position(global_Y),Front vehicle velocity(m/s),Rear vehicle position(global_X),Rear vehicle position(global_Y),Rear vehicle velocity(m/s),Ego vehicle velocity(m/s)
915,5336,6451347.166,1873109.379,5.530945177467931,6451347.166,1873109.379,9.142525158924432,9.144574022274195
916,5337,6451348.467,1873108.114,5.288490808947637,6451348.467,1873108.114,9.146830646004178,9.144782287719195
917,5338,6451349.724,1873106.918,5.104639307259493,6451349.724,1873106.918,9.142525156491063,9.144574022274195
918,5339,6451350.949,1873105.776,5.070330365331836,6451350.949,1873105.776,9.144574021748838,9.142525156491063
919,5340,6451352.167,1873104.643,5.104490066811572,6451352.167,1873104.643,9.142525157016538,9.144574022274195
920,5341,6451353.391,1873103.5,5.106570844714632,6451353.391,1873103.5,9.146830646004178,9.144782285811772
921,5342,6451354.615,1873102.356,5.106718202563648,6451354.615,1873102.356,9.142525156491063,9.142525157016538
922,5343,6451355.84,1873101.213,5.104490068886289,6451355.84,1873101.213,9.142525156491063,9.144574021748838
923,5344,6451357.064,1873100.07,5.106718203047792,6451357.064,1873100.07,9.144574022274195,9.142525157016538
924,5345,6451358.289,1873098.927,5.106570844230051,6451358.289,1873098.927,9.144782287719195,9.146830645478714
925,5346,6451359.513,1873097.783,5.106718203047792,6451359.513,1873097.783,9.144574022274195,9.142525158924432
926,5347,6451360.738,1873096.64,5.104490068886289,6451360.738,1873096.64,9.142525156491063,9.144574021748838
927,5348,6451361.962,1873095.497,5.106718202563648,6451361.962,1873095.497,9.144574022274195,9.142525157016538
928,5349,6451363.187,1873094.354,5.1044900693706445,6451363.187,1873094.354,9.144782285811772,9.146830645478714
929,5350,6451364.411,1873093.211,5.108798070405262,6451364.411,1873093.211,9.23314868673827,9.142525157016538
930,5351,6451365.636,1873092.067,5.104490068886289,6451365.636,1873092.067,9.023501429687125,9.142525156491063
931,5352,6451366.86,1873090.924,5.106718203047792,6451366.86,1873090.924,8.713455839256895,9.156679018039073
932,5353,6451368.085,1873089.781,5.104490068886289,6451368.085,1873089.781,8.54055582915744,9.14585401181995
933,5354,6451369.309,1873088.638,5.220391204208234,6451369.309,1873088.638,8.715703636078246,9.08761136159018
934,5355,6451370.557,1873087.465,4.84722185636012,6451370.557,1873087.465,9.114123973783915,8.999533698220434
935,5356,6451371.677,1873086.336,4.20905735222477,6451371.677,1873086.336,9.133698051742638,8.92495674094972
936,5357,6451372.683,1873085.39,3.7169931971231702,6451372.683,1873085.39,8.594635800381935,8.904639015468105
937,5358,6451373.568,1873084.551,3.08355481059574,6451373.568,1873084.551,8.149187543579101,8.913797179411464
938,5359,6451374.339,1873083.896,2.7056781998860973,6451374.339,1873083.896,7.680563871181036,8.914791421580105
939,5360,6451374.982,1873083.284,2.819638888109008,6451374.982,1873083.284,8.14468603968902,8.916859274554007
940,5361,6451375.649,1873082.643,2.81963888557053,6451375.649,1873082.643,8.591762714966917,8.914791421580105
941,5362,6451376.316,1873082.002,2.819556515000273,6451376.316,1873082.002,8.589480320707011,8.9168592721066
942,5363,6451376.982,1873081.36,2.819638888109008,6451376.982,1873081.36,8.14468603968902,8.9168592740327
943,5364,6451377.649,1873080.719,2.817442010418218,6451377.649,1873080.719,7.7360773946432815,8.914791421580105
944,5365,6451378.315,1873080.078,2.819638886062269,6451378.315,1873080.078,7.994557708730966,8.9168592721066
945,5366,6451378.982,1873079.437,2.8217517464418513,6451378.982,1873079.437,8.223165640630102,8.914791421580105
946,5367,6451379.649,1873078.795,2.8174420099260953,6451379.649,1873078.795,8.048406036661074,8.9168592740327
947,5368,6451380.315,1873078.154,2.819638886062269,6451380.315,1873078.154,7.742630967171892,8.914791421580105
948,5369,6451380.982,1873077.513,2.819638888109008,6451380.982,1873077.513,7.530572398687047,8.91462051043209
949,5370,6451381.649,1873076.872,2.819556515000273,6451381.649,1873076.872,7.619147121314425,8.914791421580105
950,5371,6451382.315,1873076.23,2.819638886062269,6451382.315,1873076.23,7.621195941129713,8.9168592740327
951,5372,6451382.982,1873075.589,2.8174420099260953,6451382.982,1873075.589,7.619147121314425,8.914791421580105
952,5373,6451383.648,1873074.948,2.8217517464418513,6451383.648,1873074.948,7.530572399212407,8.94340023546077
953,5374,6451384.315,1873074.306,2.8801551787434523,6451384.315,1873074.306,7.720169447050219,8.9168592740327
954,5375,6451384.998,1873073.653,2.7501440388703653,6451384.998,1873073.653,8.167286484550704,8.778473358885696
955,5376,6451385.633,1873073.012,2.4574555513517655,6451385.633,1873073.012,8.596672592934713,8.599198865787296
956,5377,6451386.192,1873072.431,2.1660388494331073,6451386.192,1873072.431,9.043082635090359,8.462188919311098
957,5378,6451386.694,1873071.928,1.8710847547624132,6451386.694,1873071.928,9.237454175352848,8.438311345591815
958,5379,6451387.12,1873071.486,1.747344257947806,6451387.12,1873071.486,9.142525158924432,8.464370635904666
959,5380,6451387.498,1873071.055,1.8047660748879977,6451387.498,1873071.055,9.142525156491063,8.462188917328545
960,5381,6451387.892,1873070.613,1.8067956794790465,6451387.892,1873070.613,9.144574022274195,8.4643706364127
961,5382,6451388.287,1873070.171,1.8070424747239777,6451388.287,1873070.171,9.144782285811772,8.464317952513396
962,5383,6451388.681,1873069.728,1.8047660743582472,6451388.681,1873069.728,9.144574022274195,8.464370633922623
963,5384,6451389.075,1873069.286,1.8090695254107154,6451389.075,1873069.286,9.142525156491063,8.462188919311098
964,5385,6451389.47,1873068.843,1.8606411088982966,6451389.47,1873068.843,9.144574022274195,8.462188919819006
965,5386,6451389.869,1873068.381,1.7349734349915138,6451389.869,1873068.381,9.235405798479643,8.466499118497763
966,5387,6451390.251,1873067.959,1.5312613245724438,6451390.251,1873067.959,9.021462139912785,8.462188919311098
967,5388,6451390.619,1873067.617,1.5844704871699826,6451390.619,1873067.617,8.769163274466514,8.4643706364127
968,5389,6451391.031,1873067.3,1.7662338142574299,6451391.031,1873067.3,8.486898621255815,8.462188919311098
969,5390,6451391.489,1873066.945,2.070563629701447,6451391.489,1873066.945,8.309691579181353,8.466499118497763
970,5391,6451392.004,1873066.502,2.2062214834312814,6451392.004,1873066.502,8.456286408864809,8.462188919311098
971,5392,6451392.544,1873066.02,2.1364392823450604,6451392.544,1873066.02,8.274961305439023,8.4643706364127
972,5393,6451393.072,1873065.559,2.134144217701427,6451393.072,1873065.559,7.996606770080039,8.49034337745376
973,5394,6451393.599,1873065.098,2.1364392818783147,6451393.599,1873065.098,7.740383847570357,8.462188917328545
974,5395,6451394.127,1873064.637,2.1361522616204205,6451394.127,1873064.637,7.530572399212407,8.332352337722163
975,5396,6451394.654,1873064.175,2.1364392823450604,6451394.654,1873064.175,7.619147121314425,8.157728718889777
976,5397,6451395.182,1873063.714,2.1364392818783147,6451395.182,1873063.714,7.619147123222225,8.026753921166948
977,5398,6451395.71,1873063.253,2.1361522616204205,6451395.71,1873063.253,7.621195940604357,7.998872503198823
978,5399,6451396.237,1873062.791,2.1364392818783147,6451396.237,1873062.791,7.619147121314425,8.028883863464175
979,5400,6451396.765,1873062.33,2.1341442181686747,6451396.765,1873062.33,7.621195941129713,8.024573629671304
980,5401,6451397.292,1873061.869,2.1364392818783147,6451397.292,1873061.869,7.619147123222225,8.026753919631975
981,5402,6451397.82,1873061.408,2.1384451728182845,6451397.82,1873061.408,7.619147121314425,8.026753921166948
982,5403,6451398.348,1873060.946,2.1341442155648584,6451398.348,1873060.946,7.6217810431235815,8.024573627641013
983,5404,6451398.875,1873060.485,2.1364392823450604,6451398.875,1873060.485,7.669732855712782,8.028883865494453
984,5405,6451399.403,1873060.024,2.1341442155648584,6451399.403,1873060.024,7.582332375649203,8.026753919631975
985,5406,6451399.93,1873059.563,2.1384451728182845,6451399.93,1873059.563,7.635342815344882,8.024573629175322
986,5407,6451400.458,1873059.101,2.1341442181686747,6451400.458,1873059.101,7.640391876760795,8.026753919631975
987,5408,6451400.985,1873058.64,2.1364392818783147,6451400.985,1873058.64,7.634472790992959,8.026753921166948
988,5409,6451401.513,1873058.179,2.1384451728182845,6451401.513,1873058.179,7.7343617106220295,8.026704150029433
989,5410,6451402.041,1873057.717,2.1341442155648584,6451402.041,1873057.717,7.468386839207241,8.026753921662795
990,5411,6451402.568,1873057.256,2.1364392823450604,6451402.568,1873057.256,7.18509482118159,8.095162076885362
991,5412,6451403.096,1873056.795,2.0165347785914354,6451403.096,1873056.795,7.140654796842416,7.9593838161707575
992,5413,6451403.608,1873056.376,2.6029009864205053,6451403.608,1873056.376,7.2797503205879535,7.6875110095890005
993,5414,6451404.272,1873055.839,3.36148110417608,6451404.272,1873055.839,7.424901097111576,7.7114857807383075
994,5415,6451405.087,1873055.096,4.031600786062662,6451405.087,1873055.096,7.231959224887172,7.489392504377487
995,5416,6451406.06,1873054.2,4.797846335620985,6451406.06,1873054.2,7.0689507506307345,7.245026756458188
996,5417,6451407.184,1873053.098,5.3808864018030045,6451407.184,1873053.098,7.155832904788393,6.810740824177594
997,5418,6451408.46,1873051.878,5.2597256300032855,6451408.46,1873051.878,7.535467276246692,6.36171269857471
998,5419,6451409.721,1873050.7,5.257498724450338,6451409.721,1873050.7,7.709770647937174,6.492404561522411
999,5420,6451410.981,1873049.522,5.2597256300032855,6451410.981,1873049.522,7.621195941129713,6.798188028809992
1000,5421,6451412.242,1873048.344,5.2574987270085805,6451412.242,1873048.344,7.5755818818393905,7.061273385677055
1001,5422,6451413.502,1873047.166,5.2597256300032855,6451413.502,1873047.166,7.70576658319079,7.150460535137992
1002,5423,6451414.763,1873045.988,5.257498724450338,6451414.763,1873045.988,7.908972694948054,7.158994179043583
1003,5424,6451416.023,1873044.81,5.2597256300032855,6451416.023,1873044.81,8.099637772059056,7.020999687201779
1004,5425,6451417.284,1873043.632,5.2554176021689365,6451417.284,1873043.632,8.306740073654996,6.691181313809357
1005,5426,6451418.544,1873042.455,5.2597256300032855,6451418.544,1873042.455,8.44464173254277,6.978986238427748
1006,5427,6451419.805,1873041.277,5.2574987270085805,6451419.805,1873041.277,8.396469944719282,7.247301841133349
1007,5428,6451421.065,1873040.099,5.259725629518833,6451421.065,1873040.099,8.509287810431768,7.483724551733615
1008,5429,6451422.326,1873038.921,5.257498724934997,6451422.326,1873038.921,8.237205761256117,7.710804471434144
1009,5430,6451423.586,1873037.743,5.2597256300032855,6451423.586,1873037.743,7.8974315235706625,7.620300527200465
1010,5431,6451424.847,1873036.565,5.257498724450338,6451424.847,1873036.565,7.6896135016447005,7.620300525154433
1011,5432,6451426.107,1873035.387,5.162295301337449,6451426.107,1873035.387,7.899749223719504,7.618103908063473
1012,5433,6451427.342,1873034.228,5.433866825587338,6451427.342,1873034.228,8.284585670361672,7.620300527200465
1013,5434,6451428.681,1873033.051,5.842070677852141,6451428.681,1873033.051,8.491915079438204,7.62241363392196
1014,5435,6451430.113,1873031.777,6.3160811628052835,6451430.113,1873031.777,8.12636471053838,7.618103908063473
1015,5436,6451431.638,1873030.374,6.722680987823205,6451431.638,1873030.374,7.89053675043344,7.620300527200465
1016,5437,6451433.255,1873028.874,6.9988909791978,6451433.255,1873028.874,7.635693230809939,7.620300527200465
1017,5438,6451434.977,1873027.355,6.899137733459478,6451434.977,1873027.355,7.575006701995369,7.620300527200465
1018,5439,6451436.673,1873025.856,6.901156646220427,6451436.673,1873025.856,7.620300527200465,7.6202176239133514
1019,5440,6451438.369,1873024.356,6.899137732989501,6451438.369,1873024.356,7.618103908063473,7.620300527200465
1020,5441,6451440.065,1873022.857,6.901156646220427,6451440.065,1873022.857,7.6224136344140305,7.620300525154433
1021,5442,6451441.761,1873021.357,6.901421842093667,6451441.761,1873021.357,7.620300527200465,7.618103908063473
1022,5443,6451443.458,1873019.858,6.901156648346772,6451443.458,1873019.858,7.618103908063473,7.620300527200465
1023,5444,6451445.154,1873018.358,6.89913773133251,6451445.154,1873018.358,7.620300525154433,7.620300527200465
1024,5445,6451446.85,1873016.859,6.901156648346772,6451446.85,1873016.859,7.620300527200465,7.6202176239133514
1025,5446,6451448.546,1873015.359,6.899137730862531,6451448.546,1873015.359,7.529713092810701,7.53190958774851
1026,5447,6451450.242,1873013.86,6.901156648346772,6451450.242,1873013.86,7.754956023446871,7.742152796675281
1027,5448,6451451.938,1873012.36,6.89913773133251,6451451.938,1873012.36,7.995412954255714,8.154280169080977
1028,5449,6451453.634,1873010.861,6.901156648346772,6451453.634,1873010.861,8.261848437212404,8.610865414398257
1029,5450,6451455.33,1873009.361,6.901421842093667,6451455.33,1873009.361,8.545110264592989,9.022072792869972
1030,5451,6451457.027,1873007.862,6.899137733459478,6451457.027,1873007.862,8.221714320241935,9.234914882525583
1031,5452,6451458.723,1873006.363,6.901156646220427,6451458.723,1873006.363,7.991019558944946,9.142214206970623
1032,5453,6451460.419,1873004.863,6.9355764871774355,6451460.419,1873004.863,8.293713295538003,9.144327144814966
1033,5454,6451462.123,1873003.355,6.822791921802729,6451462.123,1873003.355,8.471099953000596,9.14432714735265
1034,5455,6451463.805,1873001.878,6.714696958945168,6451463.805,1873001.878,8.68302072774574,9.144327145306987
1035,5456,6451465.46,1873000.424,6.889344444923811,6451465.46,1873000.424,8.642477558076292,9.14432714686063
1036,5457,6451467.141,1872998.913,7.226532890639597,6451467.141,1872998.913,8.682779987070115,9.142214204924487
1037,5458,6451468.874,1872997.295,7.568265018079826,6451468.874,1872997.295,8.998497716922136,9.14432714686063
1038,5459,6451470.66,1872995.57,7.697489104471492,6451470.66,1872995.57,9.090918425063297,9.144327145306987
1039,5460,6451472.475,1872993.814,7.620300527200465,6451472.475,1872993.814,8.927109656285154,9.14432714735265
1040,5461,6451474.277,1872992.081,7.620300527200465,6451474.277,1872992.081,8.903704680901056,9.144327144814966
1041,5462,6451476.079,1872990.348,7.620300527200465,6451476.079,1872990.348,8.912738204709,9.14432714735265
1042,5463,6451477.881,1872988.615,7.618103908063473,6451477.881,1872988.615,8.916844166332943,9.142214204432591
1043,5464,6451479.682,1872986.882,7.62241363392196,6451479.682,1872986.882,8.914665844510171,9.144327145306987
1044,5465,6451481.484,1872985.148,7.620300527200465,6451481.484,1872985.148,8.91684416583662,9.14432714735265
1045,5466,6451483.286,1872983.415,7.618103908063473,6451483.286,1872983.415,8.914665844510171,9.144327144814966
1046,5467,6451485.087,1872981.682,7.620300527200465,6451485.087,1872981.682,8.91684416583662,9.14432714735265
1047,5468,6451486.889,1872979.949,7.620300525154433,6451486.889,1872979.949,8.916844166332943,9.142214204924487
1048,5469,6451488.691,1872978.216,7.618103908063473,6451488.691,1872978.216,8.912533897797099,9.14432714686063
1049,5470,6451490.492,1872976.483,7.62241363392196,6451490.492,1872976.483,8.916844166332943,9.144327145306987
1050,5471,6451492.294,1872974.749,7.620300527200465,6451492.294,1872974.749,8.916844166332943,9.14432714735265
1051,5472,6451494.096,1872973.016,7.618103908063473,6451494.096,1872973.016,8.914665844013726,9.144327144814966
1052,5473,6451495.897,1872971.283,7.620137158573521,6451495.897,1872971.283,8.916844166332943,9.142214206970623
1053,5474,6451497.697,1872969.548,7.620300527200465,6451497.697,1872969.548,8.91684416583662,9.144327144814966
1054,5475,6451499.499,1872967.815,7.623364249008004,6451499.499,1872967.815,8.912533898293418,9.14432714735265
1055,5476,6451501.311,1872966.091,7.627329354569925,6451501.311,1872966.091,8.91684416583662,9.144327145306987
1056,5477,6451503.138,1872964.381,7.628876091249265,6451503.138,1872964.381,8.920877422964795,9.14432714686063
1057,5478,6451504.975,1872962.681,7.69349495419232,6451504.975,1872962.681,8.914665844510171,9.144327145306987
1058,5479,6451506.813,1872960.951,7.569322463284252,6451506.813,1872960.951,8.898216688562714,9.142214206478727
1059,5480,6451508.651,1872959.281,7.308331790989334,6451508.651,1872959.281,8.876247528153367,9.144327145306987
1060,5481,6451510.493,1872957.746,7.21600401437957,6451510.493,1872957.746,8.864047791396994,9.14432714735265
1061,5482,6451512.336,1872956.26,7.308331790989334,6451512.336,1872956.26,8.861565570270281,9.144327144814966
1062,5483,6451514.178,1872954.725,7.570967566094381,6451514.178,1872954.725,8.866049937206666,9.053823241040517
1063,5484,6451516.014,1872953.052,7.6953308164775915,6451516.014,1872953.052,8.86375222507907,9.268226769066628
1064,5485,6451517.85,1872951.319,7.625709812758124,6451517.85,1872951.319,8.86375222507907,9.753390447694867
1065,5486,6451519.703,1872949.638,7.710898450029013,6451519.703,1872949.638,8.866049937206666,10.202545226512584
1066,5487,6451521.598,1872947.962,7.488573754789481,6451521.598,1872947.962,8.861749559678072,10.451952882557965
1067,5488,6451523.446,1872946.343,7.230032040919632,6451523.446,1872946.343,8.866049939346789,10.726195661949342
1068,5489,6451525.239,1872944.79,7.015516784758271,6451525.239,1872944.79,8.86375222507907,10.633175494580957
1069,5490,6451526.977,1872943.281,6.703029488487281,6451526.977,1872943.281,8.866049937672898,10.710394865447139
1070,5491,6451528.64,1872941.842,6.471618942017953,6451528.64,1872941.842,8.86375222461272,10.669179076321832
1071,5492,6451530.245,1872940.452,6.237486807327822,6451530.245,1872940.452,8.866049937672898,10.66843759679027
1072,5493,6451531.802,1872939.124,6.006804579532906,6451531.802,1872939.124,8.86174955921186,10.666240723199822
1073,5494,6451533.291,1872937.833,6.095406373070685,6451533.291,1872937.833,8.86375222507907,10.670550436098004
1074,5495,6451534.802,1872936.523,6.097709688601661,6451534.802,1872936.523,8.866049937672898,10.666240723199822
1075,5496,6451536.314,1872935.213,6.095406373070685,6451536.314,1872935.213,8.86375222675242,10.66835399710049
1076,5497,6451537.825,1872933.903,6.095406372605807,6451537.825,1872933.903,8.866049937672898,10.66843759679027
1077,5498,6451539.336,1872932.593,6.095406373070685,6451539.336,1872932.593,8.924548683488926,10.668353997592579
1078,5499,6451540.847,1872931.283,6.097709688601661,6451540.847,1872931.283,8.773743578095182,10.666240725245625
1079,5500,6451542.359,1872929.973,6.095406373070685,6451542.359,1872929.973,8.56154336279487,10.669179073796506
1080,5501,6451543.87,1872928.663,6.095406373070685,6451543.87,1872928.663,8.532581892424648,10.787554097619372
1081,5502,6451545.381,1872927.353,6.095406372605807,6451545.381,1872927.353,8.739562136078773,10.735575670118907
1082,5503,6451546.892,1872926.043,6.097709688601661,6451546.892,1872926.043,9.086022561488484,10.586157284881168
1083,5504,6451548.404,1872924.733,6.095406373070685,6451548.404,1872924.733,9.22370579271133,10.592074097310693
1084,5505,6451549.915,1872923.423,6.095406373070685,6451549.915,1872923.423,9.144327145306987,10.286303225817537
1085,5506,6451551.426,1872922.113,6.095406372605807,6451551.426,1872922.113,9.14432714686063,10.233588167671588
1086,5507,6451552.937,1872920.803,6.097709688601661,6451552.937,1872920.803,9.144327145306987,10.16229209193407
1087,5508,6451554.449,1872919.493,6.095406373070685,6451554.449,1872919.493,9.142214206970623,9.777179212463771
1088,5509,6451555.96,1872918.183,6.095406373070685,6451555.96,1872918.183,9.144327144814966,9.563157679758206
1089,5510,6451557.471,1872916.873,6.095406372605807,6451557.471,1872916.873,9.14432714735265,9.470761864103514
1090,5511,6451558.982,1872915.563,6.186311536756367,6451558.982,1872915.563,9.144327145306987,9.606932399336939
1091,5512,6451560.516,1872914.234,5.9559526652058095,6451560.516,1872914.234,9.14432714686063,9.813117300997867
1092,5513,6451561.965,1872912.923,5.557307322717486,6451561.965,1872912.923,9.142214204924487,9.70788191350614
1093,5514,6451563.328,1872911.712,5.1132396256013894,6451563.328,1872911.712,9.14432714686063,9.362885475291984
1094,5515,6451564.61,1872910.63,4.714408708118071,6451564.61,1872910.63,9.144327145306987,9.139961523642766
1095,5516,6451565.805,1872909.648,4.481378946693174,6451565.805,1872909.648,9.14432714735265,9.103473393330804
1096,5517,6451566.916,1872908.685,4.572284470409745,6451566.916,1872908.685,9.144327144814966,9.141958119329166
1097,5518,6451568.05,1872907.703,4.571977648835058,6451568.05,1872907.703,9.142214206970623,9.144261108422182
1098,5519,6451569.183,1872906.72,4.572284470409745,6451569.183,1872906.72,9.144327144814966,9.14484984368756
1099,5520,6451570.317,1872905.738,4.571977648835058,6451570.317,1872905.738,9.14432714735265,9.23510451314611
1100,5521,6451571.45,1872904.755,4.572284469945178,6451571.45,1872904.755,9.144327145306987,9.077254116106213
1101,5522,6451572.584,1872903.773,4.571977648835058,6451572.584,1872903.773,9.141970314569628,8.482091137119866
1102,5523,6451573.717,1872902.79,4.569980760981238,6451573.717,1872902.79,9.14432714735265,8.095557429682444
1103,5524,6451574.85,1872901.808,4.574280352588385,6451574.85,1872901.808,9.15409143907535,7.853853820290915
1104,5525,6451575.984,1872900.825,4.569980760516437,6451575.984,1872900.825,9.168997023372093,7.585775790939193
1105,5526,6451577.117,1872899.843,4.574280352588385,6451577.117,1872899.843,9.271729433105593,7.623135136745189
1106,5527,6451578.251,1872898.86,4.569980760981238,6451578.251,1872898.86,9.092291798582783,7.618835575769972
1107,5528,6451579.384,1872897.878,4.574280352588385,6451579.384,1872897.878,8.713157297527763,7.62083205749321
1108,5529,6451580.518,1872896.895,4.571977646690905,6451580.518,1872896.895,8.572931719821456,7.6188355762347335
1109,5530,6451581.651,1872895.912,4.5699807631263285,6451581.651,1872895.912,8.716050589776223,7.620832057028286
1110,5531,6451582.784,1872894.93,4.574280350443419,6451582.784,1872894.93,9.08963938591156,7.6188355762347335
1111,5532,6451583.918,1872893.947,4.569980762661528,6451583.918,1872893.947,9.25987466779738,7.620832059637877
1112,5533,6451585.051,1872892.965,4.574280350443419,6451585.051,1872892.965,9.153190688798638,7.618835573624745
1113,5534,6451586.185,1872891.982,4.5699807631263285,6451586.185,1872891.982,9.144261107957362,7.620832059637877
1114,5535,6451587.318,1872891.0,4.574280350443419,6451587.318,1872891.0,9.141205571902884,7.6188355740895055
1115,5536,6451588.452,1872890.017,4.5699807631263285,6451588.452,1872890.017,9.144261108422182,7.620832059637877
1116,5537,6451589.585,1872889.035,4.574280350443419,6451589.585,1872889.035,9.144261108422182,7.618835573624745
1117,5538,6451590.719,1872888.052,4.569980762661528,6451590.719,1872888.052,9.144261107957362,7.620832059637877
1118,5539,6451591.852,1872887.07,4.571977648835058,6451591.852,1872887.07,9.144261108422182,7.6188355740895055
1119,5540,6451592.985,1872886.087,4.572284470409745,6451592.985,1872886.087,9.144261108422182,7.620832059172952
1120,5541,6451594.119,1872885.105,4.571977648835058,6451594.119,1872885.105,9.141958119329166,7.6188355740895055
1121,5542,6451595.252,1872884.122,4.572284470409745,6451595.252,1872884.122,9.144261108422182,7.620832059637877
1122,5543,6451596.386,1872883.14,4.571977648835058,6451596.386,1872883.14,9.144261108422182,7.621139256206568
1123,5544,6451597.519,1872882.157,4.572284469945178,6451597.519,1872882.157,9.144261107957362,7.620832059637877
1124,5545,6451598.653,1872881.175,4.571977648835058,6451598.653,1872881.175,9.144261108422182,7.6188355740895055
1125,5546,6451599.786,1872880.192,4.569980760981238,6451599.786,1872880.192,9.232862925342562,7.620832059637877
1126,5547,6451600.919,1872879.21,4.574280352588385,6451600.919,1872879.21,9.004341428256753,7.620832057028286
1127,5548,6451602.053,1872878.227,4.569980760516437,6451602.053,1872878.227,8.608023650020884,7.6188355762347335
1128,5549,6451603.186,1872877.245,4.55907854075294,6451603.186,1872877.245,8.157637611811387,7.62083205749321
1129,5550,6451604.316,1872876.265,4.572284472091081,6451604.316,1872876.265,7.7626342889810935,7.618835575769972
1130,5551,6451605.45,1872875.283,4.639081031444999,6451605.45,1872875.283,7.530233745088827,7.620832059637877
1131,5552,6451606.6,1872874.286,4.730296659770914,6451606.6,1872874.286,7.620832059637877,7.709433840633637
1132,5553,6451607.774,1872873.271,4.797402888581919,6451607.774,1872873.271,7.618835573624745,7.479082133813
1133,5554,6451608.965,1872872.242,4.808307672158523,6451608.965,1872872.242,7.620832059637877,7.0806325829233385
1134,5555,6451610.159,1872871.211,4.795096899805563,6451610.159,1872871.211,7.6188355740895055,6.636582382674835
1135,5556,6451611.349,1872870.182,4.797402889045879,6451611.349,1872870.182,7.620832059637877,6.237469678281008
1136,5557,6451612.54,1872869.153,4.797402888581919,6451612.54,1872869.153,7.618835573624745,6.006804579532906
1137,5558,6451613.731,1872868.124,4.795096900269746,6451613.731,1872868.124,7.620832059637877,6.095406373070685
1138,5559,6451614.921,1872867.095,4.797402888581919,6451614.921,1872867.095,7.6188355740895055,6.095406373070685
1139,5560,6451616.112,1872866.066,4.797402891193885,6451616.112,1872866.066,7.620832059172952,6.097709688601661
1140,5561,6451617.303,1872865.037,4.797402889045879,6451617.303,1872865.037,7.6188355740895055,6.095406373070685
1141,5562,6451618.494,1872864.008,4.795096899805563,6451618.494,1872864.008,7.620832059637877,6.095406372605807
1142,5563,6451619.684,1872862.979,4.797402889045879,6451619.684,1872862.979,7.618835575769972,6.095406373070685
1143,5564,6451620.875,1872861.95,4.797402888581919,6451620.875,1872861.95,7.62083205749321,6.097709688601661
1144,5565,6451622.066,1872860.921,4.795096900269746,6451622.066,1872860.921,7.621139256671189,6.095406373070685
1145,5566,6451623.256,1872859.892,4.797402889045879,6451623.256,1872859.892,7.620832059637877,6.095406372605807
1146,5567,6451624.447,1872858.863,4.795410758420468,6451624.447,1872858.863,7.618835573624745,6.186311536756367
1147,5568,6451625.638,1872857.835,4.795096897658328,6451625.638,1872857.835,7.620832059637877,5.9559526652058095
1148,5569,6451626.828,1872856.806,4.797402891193885,6451626.828,1872856.806,7.709433842778347,5.557307322717486
1149,5570,6451628.019,1872855.777,4.797402889045879,6451628.019,1872855.777,7.479082131225675,5.1132396256013894
1150,5571,6451629.21,1872854.748,4.795096899805563,6451629.21,1872854.748,7.080632585520621,4.7144087103112335
1151,5572,6451630.4,1872853.719,4.797402889045879,6451630.4,1872853.719,6.634258903449471,4.572284470409745
1152,5573,6451631.591,1872852.69,4.797402888581919,6451631.591,1872852.69,6.239812864097297,4.430968081933718
1153,5574,6451632.782,1872851.661,4.795096900269746,6451632.782,1872851.661,6.006804579532906,4.034061105712314
1154,5575,6451633.972,1872850.632,4.797402889045879,6451633.972,1872850.632,6.184008171305106,3.5880177740385593
1155,5576,6451635.163,1872849.603,4.797402890729926,6451635.163,1872849.603,5.9559526652058095,3.192174343179697
1156,5577,6451636.354,1872848.574,4.797402889045879,6451636.354,1872848.574,5.557307322717486,3.0465518557825737
1157,5578,6451637.545,1872847.545,4.795096899805563,6451637.545,1872847.545,5.113239622974356,2.9107554209719972
1158,5579,6451638.735,1872846.516,4.797402889045879,6451638.735,1872846.516,4.71676399797772,2.5089780061003353
1159,5580,6451639.926,1872845.487,4.795410756271568,6451639.926,1872845.487,4.569980760981238,2.0630975166661267
1160,5581,6451641.117,1872844.459,4.795096900269746,6451641.117,1872844.459,4.430968084025039,1.670929611577462
1161,5582,6451642.307,1872843.43,4.797402888581919,6451642.307,1872843.43,4.036330038506733,1.4348279911044968
1162,5583,6451643.498,1872842.401,4.797402891193885,6451643.498,1872842.401,3.588459215493413,1.5231249735079233
1163,5584,6451644.689,1872841.372,4.795096897658328,6451644.689,1872841.372,3.0465518557825737,1.5234299186047107
1164,5585,6451645.879,1872840.343,4.797402891193885,6451645.879,1872840.343,2.5069647150467484,1.5254257959860664
1165,5586,6451647.07,1872839.314,4.797402889045879,6451647.07,1872839.314,2.0630975144601744,1.5234299186047107
1166,5587,6451648.261,1872838.285,4.795096899805563,6451648.261,1872838.285,1.6709296138558338,1.5254257959860664
1167,5588,6451649.451,1872837.256,4.797402889045879,6451649.451,1872837.256,1.4348279911044968,1.5234299186047107
1168,5589,6451650.642,1872836.227,4.797402888581919,6451650.642,1872836.227,1.6140275247390448,1.6140275242740065
1169,5590,6451651.833,1872835.198,4.797402891193885,6451651.833,1872835.198,1.3882293272379616,1.386116330691454
1170,5591,6451653.024,1872834.169,4.795096898122511,6451653.024,1872834.169,0.9871097535465146,0.9892673611356867
1171,5592,6451654.214,1872833.14,4.797402890729926,6451654.214,1872833.14,0.5427237656042531,0.5427237679637148
1172,5593,6451655.405,1872832.111,4.797402889045879,6451655.405,1872832.111,0.18900058163187586,0.1890005787935738
1173,5594,6451656.596,1872831.082,4.793103809069427,6451656.596,1872831.082,0.0886019595882405,0.08860195697601583
1174,5595,6451657.786,1872830.054,4.797402889045879,6451657.786,1872830.054,0.0,0.0
1175,5596,6451658.977,1872829.025,4.797402888581919,6451658.977,1872829.025,0.0,0.0
1176,5597,6451660.168,1872827.996,4.795096900269746,6451660.168,1872827.996,0.0,0.0
1177,5598,6451661.358,1872826.967,4.797402888581919,6451661.358,1872826.967,0.0,0.0
1178,5599,6451662.549,1872825.938,4.797402891193885,6451662.549,1872825.938,0.0,0.0
1179,5600,6451663.74,1872824.909,4.795096898122511,6451663.74,1872824.909,0.0,0.0
1180,5601,6451664.93,1872823.88,4.797402890729926,6451664.93,1872823.88,0.0,0.0
1181,5602,6451666.121,1872822.851,4.797402889045879,6451666.121,1872822.851,0.0,0.0
1182,5603,6451667.312,1872821.822,4.795096899805563,6451667.312,1872821.822,0.0,0.0
1183,5604,6451668.502,1872820.793,4.797402889045879,6451668.502,1872820.793,0.0,0.0
1184,5605,6451669.693,1872819.764,4.797402888581919,6451669.693,1872819.764,0.0,0.0
1185,5606,6451670.884,1872818.735,4.797402891193885,6451670.884,1872818.735,0.0,0.0
1186,5607,6451672.075,1872817.706,4.793103806921299,6451672.075,1872817.706,0.0,0.0
1187,5608,6451673.265,1872816.678,4.797402891193885,6451673.265,1872816.678,0.0,0.0
1188,5609,6451674.456,1872815.649,4.797402888581919,6451674.456,1872815.649,0.0,0.0
1189,5610,6451675.647,1872814.62,4.795096900269746,6451675.647,1872814.62,0.0,0.0
1190,5611,6451676.837,1872813.591,4.797402889045879,6451676.837,1872813.591,0.0,0.0
1191,5612,6451678.028,1872812.562,4.797402888581919,6451678.028,1872812.562,0.0,0.0
1192,5613,6451679.219,1872811.533,4.795096900269746,6451679.219,1872811.533,0.0,0.0
1193,5614,6451680.409,1872810.504,4.797402888581919,6451680.409,1872810.504,0.0,0.0
1194,5615,6451681.6,1872809.475,4.797402891193885,6451681.6,1872809.475,0.0,0.0
1195,5616,6451682.791,1872808.446,4.795096898122511,6451682.791,1872808.446,0.0,0.0
1196,5617,6451683.981,1872807.417,4.797402890729926,6451683.981,1872807.417,0.0,0.0
1197,5618,6451685.172,1872806.388,4.815381812709375,6451685.172,1872806.388,0.0,0.0
1198,5619,6451686.363,1872805.35,4.779513780947063,6451686.363,1872805.35,0.0,0.0
1199,5620,6451687.554,1872804.33,4.706526542623313,6451687.554,1872804.33,0.0,0.0
1200,5621,6451688.744,1872803.346,4.677087223872595,6451688.744,1872803.346,0.0,0.0
1201,5622,6451689.933,1872802.376,4.706526539983433,6451689.933,1872802.376,0.0,0.0
1202,5623,6451691.123,1872801.392,4.779513783103109,6451691.123,1872801.392,0.0,0.0
1203,5624,6451692.314,1872800.372,4.815381812709375,6451692.314,1872800.372,0.0,0.0
1204,5625,6451693.505,1872799.334,4.795096900269746,6451693.505,1872799.334,0.0,0.0
1205,5626,6451694.695,1872798.305,4.797402888581919,6451694.695,1872798.305,0.0,0.0
1206,5627,6451695.886,1872797.276,4.907288518802393,6451695.886,1872797.276,0.0,0.0
1207,5628,6451697.089,1872796.206,4.305709707326207,6451697.089,1872796.206,0.0,0.0
1208,5629,6451698.129,1872795.25,3.514305668291459,6451698.129,1872795.25,0.0,0.0
1209,5630,6451699.003,1872794.498,2.8058193437408847,6451699.003,1872794.498,0.0,0.0
1210,5631,6451699.702,1872793.899,2.0238926582707895,6451699.702,1872793.899,0.0,0.0
1211,5632,6451700.235,1872793.503,1.4142851381930308,6451700.235,1872793.503,0.0,0.0
1212,5633,6451700.605,1872793.223,1.5228047134549598,6451700.605,1872793.223,0.0,0.0
1213,5634,6451700.987,1872792.901,1.5270997127639814,6451700.987,1872792.901,0.0,0.0
1214,5635,6451701.37,1872792.578,1.5228047156254072,6451701.37,1872792.578,0.0,0.08860195743986882
1215,5636,6451701.752,1872792.256,1.5228047139123448,6451701.752,1872792.256,0.0,0.1890005787935738
1216,5637,6451702.134,1872791.934,1.5228047156254072,6451702.134,1872791.934,0.0,0.5427237679637148
1217,5638,6451702.516,1872791.612,1.5270997123064665,6451702.516,1872791.612,0.0,0.9871191651290527
1218,5639,6451702.899,1872791.289,1.5228047160827918,6451702.899,1872791.289,0.0,1.3861163292370458
1219,5640,6451703.281,1872790.967,1.5228047134549598,6451703.281,1872790.967,0.0,1.6140275264182746
1220,5641,6451703.663,1872790.645,1.5251364809948833,6451703.663,1872790.645,0.0,1.5254257959860664
1221,5642,6451704.046,1872790.323,1.52477094968174,6451704.046,1872790.323,0.0,1.5234299186047107
1222,5643,6451704.428,1872790.0,1.5228047134549598,6451704.428,1872790.0,0.0,1.5254257959860664
1223,5644,6451704.81,1872789.678,1.5251364814515689,6451704.81,1872789.678,0.0,1.4325243324219112
1224,5645,6451705.193,1872789.356,1.5228047156254072,6451705.193,1872789.356,0.0,1.670929611577462
1225,5646,6451705.575,1872789.034,1.52477094968174,6451705.575,1872789.034,0.0,2.0630975166661267
1226,5647,6451705.957,1872788.711,1.5251364788220814,6451705.957,1872788.711,0.0,2.5112264645595053
1227,5648,6451706.34,1872788.389,1.5228047156254072,6451706.34,1872788.389,0.0,2.9085411234769873
1228,5649,6451706.722,1872788.067,1.5061561782281971,6451706.722,1872788.067,0.0,3.1374566935339674
1229,5650,6451707.11,1872787.761,1.5561942999053378,6451707.11,1872787.761,0.0,3.0488548443008305
1230,5651,6451707.475,1872787.404,1.6151898162018572,6451707.475,1872787.404,0.0,3.0465518557825737
1231,5652,6451707.837,1872787.017,1.589554647821917,6451707.837,1872787.017,0.08860195743986882,3.0488548443008305
1232,5653,6451708.24,1872786.686,1.5614597876753755,6451708.24,1872786.686,0.1890005787935738,3.0488548443008305
1233,5654,6451708.669,1872786.406,1.5137516939657139,6451708.669,1872786.406,0.5427237679637148,2.957950126698743
1234,5655,6451709.101,1872786.161,1.4996190981026616,6451709.101,1872786.161,0.9871191656286676,3.192174343622858
1235,5656,6451709.494,1872785.865,1.5368842958511286,6451709.494,1872785.865,1.3904259738805413,3.585677615385234
1236,5657,6451709.856,1872785.514,1.4339536202494643,6451709.856,1872785.514,1.6140275268833129,4.036330038980469
1237,5658,6451710.209,1872785.203,1.6660770616012193,6451710.209,1872785.203,1.5234299164578724,4.430968084025039
1238,5659,6451710.644,1872784.872,2.0633068977371716,6451710.644,1872784.872,1.5231249735079233,4.662882161272319
1239,5660,6451711.166,1872784.441,2.510205192502685,6451711.166,1872784.441,1.4348279911044968,4.571977648835058
1240,5661,6451711.768,1872783.879,2.9122567359160434,6451711.768,1872783.879,1.6709296138558338,4.572284470409745
1241,5662,6451712.456,1872783.216,3.1397477439277965,6451712.456,1872783.216,2.0630975144601744,4.571977648835058
1242,5663,6451713.228,1872782.534,2.9582531973777604,6451713.228,1872782.534,2.5089780061003353,4.572284470409745
1243,5664,6451713.955,1872781.891,3.188540172954722,6451713.955,1872781.891,2.9107554209719972,4.571977648835058
1244,5665,6451714.765,1872781.229,3.585075171332985,6451714.765,1872781.229,3.1374566935339674,4.481378944548148
1245,5666,6451715.661,1872780.467,4.03440308090718,6451715.661,1872780.467,3.046551857926789,4.716763997527383
1246,5667,6451716.638,1872779.574,4.437948708791135,6451716.638,1872779.574,2.9602529989072197,5.10894445680723
1247,5668,6451717.701,1872778.579,4.662030334917945,6451717.701,1872778.579,3.1897942574238436,5.557307323188843
1248,5669,6451718.847,1872777.566,4.571415762330751,6451718.847,1872777.566,3.588017771404068,5.958213217558156
1249,5670,6451719.971,1872776.573,4.573434366989614,6451719.971,1872776.573,4.034061106186315,6.184008170840242
1250,5671,6451721.095,1872775.579,4.48080155256657,6451721.095,1872775.579,4.433214101286281,6.09540637521551
1251,5672,6451722.197,1872774.606,4.710027959714986,6451722.197,1872774.606,4.66057938177713,6.097709686456226
1252,5673,6451723.381,1872773.613,5.1094608676627695,6451723.381,1872773.613,4.572284472555647,6.095406374750631
1253,5674,6451724.652,1872772.52,5.560849421069843,6451724.652,1872772.52,4.571977646690905,6.095406373070685
1254,5675,6451726.004,1872771.295,5.957724374057708,6451726.004,1872771.295,4.481378946693174,6.095406373070685
1255,5676,6451727.441,1872769.97,6.18861554689614,6451727.441,1872769.97,4.716763995783818,6.006804579532906
1256,5677,6451728.962,1872768.625,6.093698324773328,6451728.962,1872768.625,5.111274255583275,6.2430637200584655
1257,5678,6451730.46,1872767.301,6.098000683223333,6451730.46,1872767.301,5.557307324839566,6.782662974559635
1258,5679,6451731.959,1872765.976,6.093698326900295,6451731.959,1872765.976,5.9559526652058095,7.300703827931629
1259,5680,6451733.457,1872764.652,6.098000683223333,6451733.457,1872764.652,6.184008171305106,7.884770098549488
1260,5681,6451734.956,1872763.327,6.174422004588677,6451734.956,1872763.327,6.097709688136957,8.316656647301308
1261,5682,6451736.469,1872761.98,5.948003119964545,6451736.469,1872761.98,6.095406373070685,8.39134051946927
1262,5683,6451737.919,1872760.674,5.920709991140033,6451737.919,1872760.674,6.006804579532906,8.318340463304335
1263,5684,6451739.437,1872759.462,6.204387244935443,6451739.437,1872759.462,6.237469678734949,8.24963033416704
1264,5685,6451741.109,1872758.301,6.547652417282323,6451741.109,1872758.301,6.636582382674835,8.223911255708396
1265,5686,6451742.908,1872757.127,7.021473386202586,6451742.908,1872757.127,7.08265091881506,8.249630334621436
1266,5687,6451744.843,1872755.877,7.488645708757751,6451744.843,1872755.877,7.479082133813,8.31636620366261
1267,5688,6451746.934,1872754.587,7.42977181421851,6451746.934,1872754.587,7.709433840633637,8.39299717564261
1268,5689,6451749.014,1872753.316,7.427171119355278,6451749.014,1872753.316,7.618835575769972,8.329523740295954
1269,5690,6451751.093,1872752.045,7.42977181421851,6451751.093,1872752.045,7.62083205749321,8.082227635948444
1270,5691,6451753.173,1872750.774,7.429771811796266,6451753.173,1872750.774,7.6188355762347335,7.805939306369428
1271,5692,6451755.253,1872749.503,7.427171121407044,6451755.253,1872749.503,7.620832057028286,7.694232128015944
1272,5693,6451757.332,1872748.232,7.429771812166298,6451757.332,1872748.232,7.6188355762347335,7.922246889785939
1273,5694,6451759.412,1872746.961,7.42977181421851,6451759.412,1872746.961,7.530233745088827,8.02839092016422
1274,5695,6451761.492,1872745.69,7.427171121407044,6451761.492,1872745.69,7.762634289437244,7.89573736794953
1275,5696,6451763.571,1872744.419,7.4313615452893,6451763.571,1872744.419,8.159614982611462,7.6256562085338135
1276,5697,6451765.651,1872743.147,7.429771814588541,6451765.651,1872743.147,8.606008973316388,7.5575650168788755
1277,5698,6451767.731,1872741.876,7.427171118985116,6451767.731,1872741.876,8.987625872287417,7.631540742933121
1278,5699,6451769.81,1872740.605,7.42977181421851,6451769.81,1872740.605,9.216750831628364,7.620283458366518
1279,5700,6451771.89,1872739.334,7.42977181421851,6451771.89,1872739.334,9.33521594128163,7.620283457896453
1280,5701,6451773.97,1872738.063,7.427171119355278,6451773.97,1872738.063,9.502536330816987,7.620283460023105
1281,5702,6451776.049,1872736.792,7.440065609211394,6451776.049,1872736.792,9.722022083992519,7.6182648801591535
1282,5703,6451778.148,1872735.546,7.319867664841743,6451778.148,1872735.546,9.704227933191019,7.620283457896453
1283,5704,6451780.185,1872734.274,7.4117658913123865,6451780.185,1872734.274,9.568322070721395,7.620283460023105
1284,5705,6451782.159,1872732.854,7.513477654398727,6451782.159,1872732.854,9.52578025403477,7.620283457896453
1285,5706,6451784.087,1872731.318,7.569529885247972,6451784.087,1872731.318,9.568322070721395,7.620549229488365
1286,5707,6451785.926,1872729.649,7.627967574064032,6451785.926,1872729.649,9.703538619001868,7.620283460023105
1287,5708,6451787.78,1872727.968,7.630239886210898,6451787.78,1872727.968,9.722022083992519,7.620283458366518
1288,5709,6451789.66,1872726.315,7.620283457896453,6451789.66,1872726.315,9.528658849886945,7.620283457896453
1289,5710,6451791.533,1872724.659,7.6989777062273745,6451791.533,1872724.659,9.243630758588159,7.618264882286371
1290,5711,6451793.421,1872722.981,7.544332611426895,6451793.421,1872722.981,9.216910595801073,7.620283457896453
1291,5712,6451795.274,1872721.34,7.217046779684835,6451795.274,1872721.34,9.44412114563094,7.620283457896453
1292,5713,6451797.07,1872719.797,7.129465510378813,6451797.07,1872719.797,9.536229526800685,7.620283460023105
1293,5714,6451798.887,1872718.324,7.26141142184571,6451798.887,1872718.324,9.410652984015671,7.6182648801591535
1294,5715,6451800.768,1872716.862,7.479414406704654,6451800.768,1872716.862,9.144960069947063,7.620283457896453
1295,5716,6451802.696,1872715.344,7.705445277697018,6451802.696,1872715.344,9.08396918440564,7.622567204420594
1296,5717,6451804.69,1872713.79,7.62872995598922,6451804.69,1872713.79,9.155815556787852,7.620283458366518
1297,5718,6451806.663,1872712.25,7.626854917428494,6451806.663,1872712.25,9.144849846284465,7.618264879689248
1298,5719,6451808.636,1872710.711,7.626854916992015,6451808.636,1872710.711,9.233181385755273,7.620283460493172
1299,5720,6451810.609,1872709.172,7.628729958226935,6451810.609,1872709.172,9.003852362632866,7.620283457896453
1300,5721,6451812.582,1872707.632,7.62685491475375,6451812.582,1872707.632,8.735570126476084,7.620283457896453
1301,5722,6451814.555,1872706.093,7.626327459548201,6451814.555,1872706.093,8.62872919096579,7.618264882286371
1302,5723,6451816.527,1872704.553,7.626854917428494,6451816.527,1872704.553,8.684925012106412,7.620283457896453
1303,5724,6451818.5,1872703.014,7.628729958226935,6451818.5,1872703.014,8.464691121576639,7.620283457896453
1304,5725,6451820.473,1872701.474,7.626854916992015,6451820.473,1872701.474,8.159673616973148,7.620283460023105
1305,5726,6451822.446,1872699.935,7.626854915190227,6451822.446,1872699.935,7.760552779095219,7.620549229488365
1306,5727,6451824.419,1872698.396,7.629789375456691,6451824.419,1872698.396,7.531952757568906,7.620283457896453
1307,5728,6451826.394,1872696.858,7.6258024017302075,6451826.394,1872696.858,7.6182648801591535,7.620283460493172
1308,5729,6451828.365,1872695.317,7.6259693028431315,6451828.365,1872695.317,7.620283460023105,7.620283457896453
1309,5730,6451830.329,1872693.767,7.62446705908231,6451830.329,1872693.767,7.620283457896453,7.6182648801591535
1310,5731,6451832.29,1872692.214,7.727982654328649,6451832.29,1872692.214,7.620283457896453,7.620283460023105
1311,5732,6451834.284,1872690.648,7.390004702196922,6451834.284,1872690.648,7.618264882286371,7.620283457896453
1312,5733,6451836.155,1872689.106,6.974381489244815,6451836.155,1872689.106,7.620283457896453,7.620283457896453
1313,5734,6451837.921,1872687.651,6.507908991003543,6451837.921,1872687.651,7.620283457896453,7.618264882286371
1314,5735,6451839.576,1872686.302,6.092924552285246,6451839.576,1872686.302,7.620283460493172,7.620283457896453
1315,5736,6451841.123,1872685.036,5.779659041313875,6451841.123,1872685.036,7.618264879689248,7.620283460023105
1316,5737,6451842.548,1872683.785,5.864812191630589,6451842.548,1872683.785,7.622567202763369,7.622567202763369
1317,5738,6451843.997,1872682.519,5.869112961735132,6451843.997,1872682.519,7.620283460023105,7.618264879689248
1318,5739,6451845.447,1872681.252,5.869112963872728,6451845.447,1872681.252,7.620283457896453,7.620283458366518
1319,5740,6451846.897,1872679.985,5.864812192097517,6451846.897,1872679.985,7.6182648801591535,7.620283460023105
1320,5741,6451848.346,1872678.719,5.869112963872728,6451848.346,1872678.719,7.620283460023105,7.620283457896453
1321,5742,6451849.796,1872677.452,5.86681808027029,6451849.796,1872677.452,7.620283457896453,7.6182648801591535
1322,5743,6451851.245,1872676.185,5.8671078602909805,6451851.245,1872676.185,7.620283457896453,7.620283460023105
1323,5744,6451852.695,1872674.919,5.86681808027029,6451852.695,1872674.919,7.618264882286371,7.620283457896453
1324,5745,6451854.144,1872673.652,5.869112961735132,6451854.144,1872673.652,7.620283457896453,7.620283460023105
1325,5746,6451855.594,1872672.385,5.864812192097517,6451855.594,1872672.385,7.620283458366518,7.6182648801591535
1326,5747,6451857.043,1872671.119,5.869112963872728,6451857.043,1872671.119,7.622567204420594,7.6225672022934425
1327,5748,6451858.493,1872669.852,5.86681808027029,6451858.493,1872669.852,7.6182648801591535,7.662274924965318
1328,5749,6451859.942,1872668.585,5.8671078602909805,6451859.942,1872668.585,7.620283457896453,7.620283460023105
1329,5750,6451861.392,1872667.319,5.869112963872728,6451861.392,1872667.319,7.620283460023105,7.409456668443996
1330,5751,6451862.842,1872666.052,5.979312958498086,6451862.842,1872666.052,7.620283457896453,7.139080360774535
1331,5752,6451864.295,1872664.734,5.1866697506721815,6451864.295,1872664.734,7.6182648801591535,6.9322603969032635
1332,5753,6451865.552,1872663.587,4.25347498972764,6451865.552,1872663.587,7.620283460023105,6.894800350976073
1333,5754,6451866.596,1872662.661,3.367078570037947,6451866.596,1872662.661,7.620283457896453,6.933677465855864
1334,5755,6451867.418,1872661.923,2.4349113547617103,6451867.418,1872661.923,7.620283458366518,6.929914059288408
1335,5756,6451868.027,1872661.406,1.6422045855904481,6451868.027,1872661.406,7.618264882286371,6.932833290048501
1336,5757,6451868.44,1872661.06,1.7527060128140022,6451868.44,1872661.06,7.698977703634158,6.9817552126023426
1337,5758,6451868.856,1872660.663,1.754912304743836,6451868.856,1872660.663,7.556200403904345,6.864811944501753
1338,5759,6451869.273,1872660.266,1.7527060148675946,6451869.273,1872660.266,6.860693225170519,6.6152597170995175
1339,5760,6451869.689,1872659.869,1.7549123026878946,6451869.689,1872659.869,6.317865842230233,6.403328614392008
1340,5761,6451870.106,1872659.472,1.7527060148675946,6451870.106,1872659.472,5.741258141937231,6.216408517006592
1341,5762,6451870.522,1872659.075,1.7570153642558892,6451870.522,1872659.075,5.12526252707707,5.951433667662725
1342,5763,6451870.939,1872658.677,1.7549123026878946,6451870.939,1872658.677,4.953843991174915,5.560382451413361
1343,5764,6451871.356,1872658.28,1.7527060148675946,6451871.356,1872658.28,5.029501096632016,5.109492689345513
1344,5765,6451871.772,1872657.883,1.754912304743836,6451871.772,1872657.883,5.031376539551845,4.712760983596359
1345,5766,6451872.189,1872657.486,1.7527060148675946,6451872.189,1872657.486,5.029501096632016,4.4844854317169975
1346,5767,6451872.605,1872657.089,1.7570153617124298,6451872.605,1872657.089,5.031904603816391,4.661686571895523
1347,5768,6451873.022,1872656.691,1.7527060148675946,6451873.022,1872656.691,5.029501096632016,4.4323338561841945
1348,5769,6451873.438,1872656.294,1.754912304743836,6451873.438,1872656.294,5.0295010961954905,4.035427685709924
1349,5770,6451873.855,1872655.897,1.7527060128140022,6451873.855,1872655.897,5.029501096632016,3.586875727921649
1350,5771,6451874.271,1872655.5,1.856232001109627,6451874.271,1872655.5,5.0295010961954905,3.188395945119917
1351,5772,6451874.712,1872655.08,1.6057406697079153,6451874.712,1872655.08,5.031904603816391,2.959358436104498
1352,5773,6451875.056,1872654.681,1.097047143125439,6451875.056,1872654.681,5.029501096632016,3.0479588503546933
1353,5774,6451875.309,1872654.425,0.6569129471101909,6451875.309,1872654.425,5.0295010961954905,3.1365593552746796
1354,5775,6451875.472,1872654.284,0.22557259371974323,6451875.472,1872654.284,5.029501096632016,2.912626760058143
1355,5776,6451875.546,1872654.285,0.10354231506079825,6451875.546,1872654.285,5.030564947878716,2.5106825784489653
1356,5777,6451875.521,1872654.308,0.0,6451875.521,1872654.308,5.030852115865853,2.062214722488624
1357,5778,6451875.521,1872654.308,0.0,6451875.521,1872654.308,5.117454937058065,1.6678660457764936
1358,5779,6451875.521,1872654.308,0.0,6451875.521,1872654.308,4.411617542220646,1.4365266350219361
1359,5780,6451875.521,1872654.308,0.0,6451875.521,1872654.308,3.5030339242622826,1.522832168745656
1360,5781,6451875.521,1872654.308,0.0,6451875.521,1872654.308,2.666770084665468,1.5251273419388043
1361,5782,6451875.521,1872654.308,0.0,6451875.521,1872654.308,1.768790930069424,1.522832168745656
1362,5783,6451875.521,1872654.308,0.0,6451875.521,1872654.308,1.0456239411623507,1.613728187847807
1363,5784,6451875.521,1872654.308,0.0,6451875.521,1872654.308,1.1426260499903396,1.3905195154528573
1364,5785,6451875.521,1872654.308,0.0,6451875.521,1872654.308,1.1449206599713566,0.9892673606393433
1365,5786,6451875.521,1872654.308,0.0,6451875.521,1872654.308,1.140620081604748,0.540192973097761
1366,5787,6451875.521,1872654.308,0.0,6451875.521,1872654.308,1.1449206578327,0.18900058163187586
1367,5788,6451875.521,1872654.308,0.0,6451875.521,1872654.308,1.142626052125719,0.0886019595882405
1368,5789,6451875.521,1872654.308,0.0,6451875.521,1872654.308,1.1426260499903396,0.0
1369,5790,6451875.521,1872654.308,0.0,6451875.521,1872654.308,1.1429187167841635,0.0
1370,5791,6451875.521,1872654.308,0.0,6451875.521,1872654.308,1.1426260499903396,0.0
1371,5792,6451875.521,1872654.308,0.0,6451875.521,1872654.308,1.1449206599713566,0.0
1372,5793,6451875.521,1872654.308,0.0,6451875.521,1872654.308,1.1426260499903396,0.0
1373,5794,6451875.521,1872654.308,0.0,6451875.521,1872654.308,1.140620081604748,0.0
1374,5795,6451875.521,1872654.308,0.0,6451875.521,1872654.308,1.1449206599713566,0.0
1375,5796,6451875.521,1872654.308,0.0,6451875.521,1872654.308,1.1426260499903396,0.0
1376,5797,6451875.521,1872654.308,0.0,6451875.521,1872654.308,1.1426260499903396,0.0
1377,5798,6451875.521,1872654.308,0.0,6451875.521,1872654.308,1.2097219807694155,0.0
1378,5799,6451875.521,1872654.308,0.0,6451875.521,1872654.308,1.0668566034485163,0.0
1379,5800,6451875.521,1872654.308,0.0,6451875.521,1872654.308,0.7435683308250184,0.0
1380,5801,6451875.521,1872654.308,0.0,6451875.521,1872654.308,0.40661964958358787,0.0
1381,5802,6451875.521,1872654.308,0.0,6451875.521,1872654.308,0.10668000045418741,0.0
1382,5803,6451875.521,1872654.308,0.0,6451875.521,1872654.308,0.06910293980711758,0.0
1383,5804,6451875.521,1872654.308,0.0,6451875.521,1872654.308,0.0,0.0
1384,5805,6451875.521,1872654.308,0.0,6451875.521,1872654.308,0.0,0.0
1385,5806,6451875.521,1872654.308,0.0,6451875.521,1872654.308,0.0,0.0
1386,5807,6451875.521,1872654.308,0.0,6451875.521,1872654.308,0.0,0.0
1387,5808,6451875.521,1872654.308,0.0,6451875.521,1872654.308,0.0,0.0
1388,5809,6451875.521,1872654.308,0.0,6451875.521,1872654.308,0.0,0.0
1389,5810,6451875.521,1872654.308,0.0,6451875.521,1872654.308,0.0,0.0
1390,5811,6451875.521,1872654.308,0.0453117774264932,6451875.521,1872654.308,0.0,0.0
1391,5812,6451875.51,1872654.318,0.02133600065857172,6451875.51,1872654.318,0.0,0.0
1392,5813,6451875.517,1872654.318,0.27051751243107097,6451875.517,1872654.318,0.0,0.0
1393,5814,6451875.591,1872654.269,0.4957101383446833,6451875.591,1872654.269,0.0,0.0
1394,5815,6451875.706,1872654.154,0.7442676770607928,6451875.706,1872654.154,0.0,0.0
1395,5816,6451875.886,1872653.989,0.8080132455409035,6451875.886,1872653.989,0.0,0.0
1396,5817,6451876.086,1872653.815,0.7624205082344626,6451876.086,1872653.815,0.0,0.0
1397,5818,6451876.274,1872653.65,0.7604133881385349,6451876.274,1872653.65,0.0,0.0
1398,5819,6451876.462,1872653.486,0.7624205082344626,6451876.462,1872653.486,0.0,0.0
1399,5820,6451876.65,1872653.321,0.7627128971535719,6451876.65,1872653.321,0.0,0.0
1400,5821,6451876.839,1872653.157,0.7624205077663403,6451876.839,1872653.157,0.0,0.0
1401,5822,6451877.027,1872652.992,0.7604133886050481,6451877.027,1872652.992,0.0,0.0
1402,5823,6451877.215,1872652.828,0.7624205082344626,6451877.215,1872652.828,0.0,0.0
1403,5824,6451877.403,1872652.663,0.7627128988324945,6451877.403,1872652.663,0.0,0.0
1404,5825,6451877.592,1872652.499,0.7624205082344626,6451877.592,1872652.499,0.0,0.0
1405,5826,6451877.78,1872652.334,0.7604133886050481,6451877.78,1872652.334,0.0,0.0
1406,5827,6451877.968,1872652.17,0.7624205082344626,6451877.968,1872652.17,0.0,0.0
1407,5828,6451878.156,1872652.005,0.7627128966884649,6451878.156,1872652.005,0.0,0.0
1408,5829,6451878.345,1872651.841,0.7624205082344626,6451878.345,1872651.841,0.0,0.0
1409,5830,6451878.533,1872651.676,0.7604133881385349,6451878.533,1872651.676,0.0,0.0
1410,5831,6451878.721,1872651.512,0.6675120002610023,6451878.721,1872651.512,0.0,0.0
1411,5832,6451878.886,1872651.368,0.9241071549219858,6451878.886,1872651.368,0.0,0.0
1412,5833,6451879.141,1872651.204,1.332906815601056,6451879.141,1872651.204,0.0,0.0
1413,5834,6451879.485,1872650.934,1.796017025258141,6451879.485,1872650.934,0.0,0.0
1414,5835,6451879.913,1872650.529,2.215646528265092,6451879.913,1872650.529,0.0,0.0
1415,5836,6451880.43,1872650.018,2.4561452747356975,6451880.43,1872650.018,0.0,0.0
1416,5837,6451881.037,1872649.488,2.358943278578717,6451881.037,1872649.488,0.0,0.0
1417,5838,6451881.62,1872648.979,2.3632439546795396,6451881.62,1872648.979,0.0,0.0
1418,5839,6451882.204,1872648.469,2.360949004699073,6451882.204,1872648.469,0.0,0.0
1419,5840,6451882.787,1872647.959,2.3632439568176706,6451882.787,1872647.959,0.0,0.0
1420,5841,6451883.371,1872647.449,2.3632439546795396,6451883.371,1872647.449,0.0,0.0
1421,5842,6451883.955,1872646.939,2.360949004699073,6451883.955,1872646.939,0.0,0.0
1422,5843,6451884.538,1872646.429,2.3632439568176706,6451884.538,1872646.429,0.0,0.0
1423,5844,6451885.122,1872645.919,2.360949004699073,6451885.122,1872645.919,0.0,0.0
1424,5845,6451885.705,1872645.409,2.3632439546795396,6451885.705,1872645.409,0.0,0.0
1425,5846,6451886.289,1872644.899,2.360949006835618,6451886.289,1872644.899,0.0,0.0
1426,5847,6451886.872,1872644.389,2.3632439546795396,6451886.872,1872644.389,0.0,0.0
1427,5848,6451887.456,1872643.879,2.3632439546795396,6451887.456,1872643.879,0.0734055605617474,0.0
1428,5849,6451888.04,1872643.369,2.360949004699073,6451888.04,1872643.369,0.12192000011354687,0.0
1429,5850,6451888.623,1872642.859,2.3632439568176706,6451888.623,1872642.859,0.43282673156245016,0.0
1430,5851,6451889.207,1872642.349,2.3320705909449964,6451889.207,1872642.349,0.7909838956447418,0.0
1431,5852,6451889.787,1872641.85,2.3512569146513695,6451889.787,1872641.85,1.1293652358931041,0.0
1432,5853,6451890.364,1872641.338,2.5272938213084926,6451890.364,1872641.338,1.2917264340041237,0.0
1433,5854,6451890.969,1872640.771,2.783244612699187,6451890.969,1872640.771,1.2203310452490053,0.0
1434,5855,6451891.63,1872640.141,2.9622357728015976,6451891.63,1872640.141,1.220620303107928,0.08860195743986882
1435,5856,6451892.334,1872639.471,3.0769661902840504,6451892.334,1872639.471,1.2183233848728068,0.18595298401376648
1436,5857,6451893.09,1872638.802,3.060070562730241,6451893.09,1872638.802,1.2183233848728068,0.5427237679637148
1437,5858,6451893.85,1872638.146,3.0479588529592094,6451893.85,1872638.146,1.2183233844058647,0.9892673611422463
1438,5859,6451894.603,1872637.488,3.0479588503546933,6451894.603,1872637.488,1.2203310457169518,1.3905195149395153
1439,5860,6451895.356,1872636.83,3.0479588529592094,6451895.356,1872636.83,1.220620302641864,1.6114323723788542
1440,5861,6451896.109,1872636.172,3.047958850821661,6451896.109,1872636.172,1.2183233848728068,1.5251273419388043
1441,5862,6451896.862,1872635.514,3.1365593548077997,6451896.862,1872635.514,1.2183233848728068,1.522832168745656
1442,5863,6451897.637,1872634.837,2.910420270489107,6451897.637,1872634.837,1.2183233848728068,1.4365266371601182
1443,5864,6451898.328,1872634.178,2.512922118200919,6451898.328,1872634.178,1.2203310452490053,1.6678660457764936
1444,5865,6451898.934,1872633.619,2.0622147198411875,6451898.934,1872633.619,1.220620303107928,2.062214720290119
1445,5866,6451899.458,1872633.191,1.6678660462018793,6451899.458,1872633.191,1.2183233848728068,2.5106825784489653
1446,5867,6451899.896,1872632.863,1.4342321817986823,6451899.896,1872632.863,1.2183233848728068,2.912626760058143
1447,5868,6451900.25,1872632.553,1.52512734407758,6451900.25,1872632.553,1.2183233844058647,3.1365593548077997
1448,5869,6451900.627,1872632.224,1.5228321666093385,6451900.627,1872632.224,1.2203310457169518,3.047958850821661
1449,5870,6451901.003,1872631.895,1.5251273436109638,6451901.003,1872631.895,1.220620302641864,3.0479588529592094
1450,5871,6451901.38,1872631.566,1.5228321692129756,6451901.38,1872631.566,1.2183233848728068,3.047958850821661
1451,5872,6451901.756,1872631.237,1.5251273436109638,6451901.756,1872631.237,1.2183233848728068,3.0479588529592094
1452,5873,6451902.133,1872630.908,1.5228321670766578,6451902.133,1872630.908,1.2203310452490053,3.0479588503546933
1453,5874,6451902.509,1872630.579,1.5251273436109638,6451902.509,1872630.579,1.2183233848728068,3.0479588529592094
1454,5875,6451902.886,1872630.25,1.522832168745656,6451902.886,1872630.25,1.220620303107928,3.047958850821661
1455,5876,6451903.262,1872629.921,1.52512734407758,6451903.262,1872629.921,1.2183233848728068,3.0479588529592094
1456,5877,6451903.639,1872629.592,1.5228321666093385,6451903.639,1872629.592,1.2183233848728068,3.0479588503546933
1457,5878,6451904.015,1872629.263,1.52512734407758,6451904.015,1872629.263,1.12241332441017,3.047958850821661
1458,5879,6451904.392,1872628.934,1.522832168745656,6451904.392,1872628.934,1.3527111926894195,3.0479588529592094
1459,5880,6451904.768,1872628.605,1.5251273414721878,6451904.768,1872628.605,1.880816060093145,3.047958850821661
1460,5881,6451905.145,1872628.276,1.5248410164689252,6451905.145,1872628.276,2.332391260105144,3.0479588524922416
1461,5882,6451905.521,1872627.946,1.5251273436109638,6451905.521,1872627.946,2.8369660141371824,3.047958850821661
1462,5883,6451905.898,1872627.617,1.5228321692129756,6451905.898,1872627.617,3.094117866331347,3.0479588529592094
1463,5884,6451906.274,1872627.288,1.5251273414721878,6451906.274,1872627.288,3.060070562730241,3.047958850821661
1464,5885,6451906.651,1872626.959,1.5228321692129756,6451906.651,1872626.959,3.047958850821661,3.0479588529592094
1465,5886,6451907.027,1872626.63,1.5251273436109638,6451907.027,1872626.63,3.0479588529592094,3.0479588503546933
1466,5887,6451907.404,1872626.301,1.522832168745656,6451907.404,1872626.301,3.0479588503546933,3.0479588529592094
1467,5888,6451907.78,1872625.972,1.5251273419388043,6451907.78,1872625.972,3.0479588529592094,3.047958850821661
1468,5889,6451908.157,1872625.643,1.522832168745656,6451908.157,1872625.643,3.047958850821661,3.0479588529592094
1469,5890,6451908.533,1872625.314,1.5251273436109638,6451908.533,1872625.314,3.0479588529592094,3.0479588503546933
1470,5891,6451908.91,1872624.985,1.6114323723788542,6451908.91,1872624.985,3.0479588503546933,3.0479588529592094
1471,5892,6451909.308,1872624.637,1.3905195134928237,6451909.308,1872624.637,3.0479588529592094,3.047958850821661
1472,5893,6451909.623,1872624.307,0.989267362642209,6451909.623,1872624.307,3.047958850821661,3.1365593548077997
1473,5894,6451909.852,1872624.077,0.5534365652960684,6451909.852,1872624.077,3.047958850821661,2.906726281763971
1474,5895,6451910.015,1872623.997,0.1477258406920135,6451910.015,1872623.997,3.0479588529592094,2.64361950459437
1475,5896,6451910.06,1872623.979,0.37391146759491023,6451910.06,1872623.979,3.0479588503546933,2.533848800136817
1476,5897,6451910.153,1872623.899,0.5141100559634397,6451910.153,1872623.899,3.0479588529592094,2.5857479457528685
1477,5898,6451910.28,1872623.788,0.5508116351912546,6451910.28,1872623.788,3.047958850821661,2.3689863074823934
1478,5899,6451910.416,1872623.669,0.457910647321936,6451910.416,1872623.669,3.0479588529592094,2.0667710150390413
1479,5900,6451910.529,1872623.57,0.5810898295480365,6451910.529,1872623.57,3.0479588503546933,1.6678660462018793
1480,5901,6451910.684,1872623.459,0.9483542325279819,6451910.684,1872623.459,3.0479588529592094,1.434232179663112
1481,5902,6451910.906,1872623.241,1.0649216476605312,6451910.906,1872623.241,3.047958850821661,1.52512734407758
1482,5903,6451911.169,1872623.011,0.9720205335544017,6451911.169,1872623.011,3.1365593548077997,1.522832168745656
1483,5904,6451911.409,1872622.801,1.0110175106287946,6451911.409,1872622.801,2.910420270489107,1.5251273414721878
1484,5905,6451911.659,1872622.583,1.116737453444132,6451911.659,1872622.583,2.512922118200919,1.5228321692129756
1485,5906,6451911.945,1872622.354,1.384349119763931,6451911.945,1872622.354,2.0622147198411875,1.5251273436109638
1486,5907,6451912.276,1872622.043,1.613728187847807,6451912.276,1872622.043,1.6678660462018793,1.5228321692129756
1487,5908,6451912.675,1872621.695,1.5228321692129756,6451912.675,1872621.695,1.4342321817986823,1.5251273414721878
1488,5909,6451913.051,1872621.366,1.5251273436109638,6451913.051,1872621.366,1.52512734407758,1.522832168745656
1489,5910,6451913.428,1872621.037,1.5228321666093385,6451913.428,1872621.037,1.5251273414721878,1.52512734407758
1490,5911,6451913.804,1872620.708,1.52512734407758,6451913.804,1872620.708,1.522832168745656,1.522832168745656
1491,5912,6451914.181,1872620.379,1.522832168745656,6451914.181,1872620.379,1.52512734407758,1.5251273419388043
1492,5913,6451914.557,1872620.05,1.52512734407758,6451914.557,1872620.05,1.522832168745656,1.522832168745656
1493,5914,6451914.934,1872619.721,1.5228321666093385,6451914.934,1872619.721,1.5251273419388043,1.5251273436109638
1494,5915,6451915.31,1872619.392,1.5251273436109638,6451915.31,1872619.392,1.522832168745656,1.5228321692129756
1495,5916,6451915.687,1872619.063,1.5228321692129756,6451915.687,1872619.063,1.5251273436109638,1.5251273414721878
1496,5917,6451916.063,1872618.734,1.4365266345551497,6451916.063,1872618.734,1.5228321670766578,1.522832168745656
1497,5918,6451916.418,1872618.424,1.6652599539683348,6451916.418,1872618.424,1.5251273436109638,1.52512734407758
1498,5919,6451916.84,1872618.077,1.9010334702097964,6451916.84,1872618.077,1.5228321692129756,1.522832168745656
1499,5920,6451917.31,1872617.667,2.1324349120485033,6451917.31,1872617.667,1.5251273436109638,1.5251273419388043
1500,5921,6451917.838,1872617.208,2.43837142468836,6451917.838,1872617.208,1.5228321666093385,1.522832168745656
1501,5922,6451918.439,1872616.68,2.6720531516350055,6451918.439,1872616.68,1.52512734407758,1.5251273436109638
1502,5923,6451919.099,1872616.103,2.9067262812877095,6451919.099,1872616.103,1.522832168745656,1.5228321692129756
1503,5924,6451919.806,1872615.463,3.138855500036061,6451919.806,1872615.463,1.5251273436109638,1.5251273414721878
1504,5925,6451920.582,1872614.786,3.047958850821661,6451920.582,1872614.786,1.5228321670766578,1.5228321692129756
1505,5926,6451921.335,1872614.128,3.0479588529592094,6451921.335,1872614.128,1.5251273436109638,1.5251273436109638
1506,5927,6451922.088,1872613.47,3.047958850821661,6451922.088,1872613.47,1.5228321692129756,1.522832168745656
1507,5928,6451922.841,1872612.812,3.0479588503546933,6451922.841,1872612.812,1.5251273414721878,1.5251273419388043
1508,5929,6451923.594,1872612.154,3.0479588529592094,6451923.594,1872612.154,1.522832168745656,1.522832168745656
1509,5930,6451924.347,1872611.496,2.959358435637437,6451924.347,1872611.496,1.613728187847807,1.5251273436109638
1510,5931,6451925.078,1872610.857,3.1883959455656368,6451925.078,1872610.857,1.3843491218327022,1.5228321670766578
1511,5932,6451925.892,1872610.2,3.586875727921649,6451925.892,1872610.2,1.116737453444132,1.5251273436109638
1512,5933,6451926.793,1872609.443,4.035427685709924,6451926.793,1872609.443,1.0110175110952044,1.5228321692129756
1513,5934,6451927.775,1872608.555,4.43457080391843,6451927.775,1872608.555,0.9720205314180839,1.5251273436109638
1514,5935,6451928.843,1872607.567,4.659391174925951,6451928.843,1872607.567,0.9743164550665897,1.5228321666093385
1515,5936,6451929.994,1872606.561,4.573085974698101,6451929.994,1872606.561,1.0087222339607609,1.52512734407758
1516,5937,6451931.124,1872605.574,4.570790799392166,6451931.124,1872605.574,1.1191183512060292,1.522832168745656
1517,5938,6451932.253,1872604.587,4.573085976836059,6451932.253,1872604.587,1.384349119763931,1.52512734407758
1518,5939,6451933.383,1872603.6,4.5707907998592505,6451933.383,1872603.6,1.6114323723788542,1.5228321666093385
1519,5940,6451934.512,1872602.613,4.651677415278818,6451934.512,1872602.613,1.52512734407758,1.603795503505249
1520,5941,6451935.657,1872601.604,4.410595023536102,6451935.657,1872601.604,1.522832168745656,1.3444444359185037
1521,5942,6451936.752,1872600.658,4.234719689249609,6451936.752,1872600.658,1.5251273419388043,1.2149291294770754
1522,5943,6451937.832,1872599.784,4.717817632668119,6451937.832,1872599.784,1.522832168745656,1.857682861388734
1523,5944,6451939.039,1872598.815,5.179599588250293,6451939.039,1872598.815,1.5251273436109638,2.319385807271519
1524,5945,6451940.324,1872597.703,5.6794873468167335,6451940.324,1872597.703,1.5228321692129756,2.8666192893662505
1525,5946,6451941.694,1872596.44,6.151332962309388,6451941.694,1872596.44,1.5251273414721878,3.442918047940638
1526,5947,6451943.186,1872595.081,6.0220967502972975,6451943.186,1872595.081,1.5228321692129756,3.289948567367312
1527,5948,6451944.657,1872593.762,6.017792617113283,6451944.657,1872593.762,1.5251273436109638,3.290058695487815
1528,5949,6451946.127,1872592.444,6.0220967502972975,6451946.127,1872592.444,1.522832168745656,3.292157484699797
1529,5950,6451947.598,1872591.125,6.020062353496254,6451947.598,1872591.125,1.5251273419388043,3.289948567367312
1530,5951,6451949.069,1872589.807,6.020062353496254,6451949.069,1872589.807,1.522832168745656,3.290058695487815
1531,5952,6451950.54,1872588.489,6.019827778857815,6451950.54,1872588.489,1.5251273436109638,3.292157484699797
1532,5953,6451952.01,1872587.17,6.020062353496254,6451952.01,1872587.17,1.4342321801306448,3.289948567367312
1533,5954,6451953.481,1872585.852,6.0220967502972975,6451953.481,1872585.852,1.6678660457764936,3.290058697441773
1534,5955,6451954.952,1872584.533,6.020062355610431,6451954.952,1872584.533,2.062214722488624,3.292157484699797
1535,5956,6451956.423,1872583.215,6.0177926145259955,6451956.423,1872583.215,2.5129221156332187,3.289948567367312
1536,5957,6451957.893,1872581.897,6.022096750771066,6451957.893,1872581.897,2.9104202730331314,3.290058695487815
1537,5958,6451959.364,1872580.578,6.020062353496254,6451959.364,1872580.578,3.136559352669945,3.28994856788146
1538,5959,6451960.835,1872579.26,6.0220967502972975,6451960.835,1872579.26,3.0479588529592094,3.2921574841853376
1539,5960,6451962.306,1872577.941,6.017792614999745,6451962.306,1872577.941,3.0479588503546933,3.290058695487815
1540,5961,6451963.776,1872576.623,6.020062355610431,6451963.776,1872576.623,3.0479588529592094,3.1794672584455834
1541,5962,6451965.247,1872575.305,6.0220967502972975,6451965.247,1872575.305,3.047958850821661,3.610072609787937
1542,5963,6451966.718,1872573.986,6.020062353496254,6451966.718,1872573.986,3.0479588529592094,4.301921329013213
1543,5964,6451968.189,1872572.668,6.019827778857815,6451968.189,1872572.668,2.959358435637437,4.858448898372299
1544,5965,6451969.659,1872571.349,6.020062353496254,6451969.659,1872571.349,3.190768341725838,5.5521208754845865
1545,5966,6451971.13,1872570.031,6.020062353496254,6451971.13,1872570.031,3.584542599456137,5.980286298112235
1546,5967,6451972.601,1872568.713,6.0220967502972975,6451972.601,1872568.713,4.035427683604439,5.871122921720354
1547,5968,6451974.072,1872567.394,6.017792617113283,6451974.072,1872567.394,4.434570804400351,5.873338614260276
1548,5969,6451975.542,1872566.076,6.020062353496254,6451975.542,1872566.076,4.66168657403368,5.873216818315532
1549,5970,6451977.013,1872564.758,6.0220967502972975,6451977.013,1872564.758,4.570790799392166,5.871122921720354
1550,5971,6451978.484,1872563.439,6.020062353496254,6451978.484,1872563.439,4.573085974698101,5.871122919169749
1551,5972,6451979.955,1872562.121,6.019827778857815,6451979.955,1872562.121,4.570790799392166,5.871122921720354
1552,5973,6451981.425,1872560.802,6.020062353496254,6451981.425,1872560.802,4.573085976836059,5.871122919657176
1553,5974,6451982.896,1872559.484,6.020062353496254,6451982.896,1872559.484,4.570790799392166,5.873338616324149
1554,5975,6451984.367,1872558.166,6.022096752410762,6451984.367,1872558.166,4.573085974698101,5.871122919657176
1555,5976,6451985.838,1872556.847,6.0177926145259955,6451985.838,1872556.847,4.573085975164951,5.873216818315532
1556,5977,6451987.308,1872555.529,6.022096750771066,6451987.308,1872555.529,4.570790799392166,5.871122921232929
1557,5978,6451988.779,1872554.21,6.020062353496254,6451988.779,1872554.21,4.573085974698101,5.871122919657176
1558,5979,6451990.25,1872552.892,6.020062353496254,6451990.25,1872552.892,4.4821904885355766,5.873338616811392
1559,5980,6451991.721,1872551.574,6.019827778857815,6451991.721,1872551.574,4.712760983596359,5.871122919169749
1560,5981,6451993.191,1872550.255,5.908996693081578,6451993.191,1872550.255,5.109492687642828,5.790887171484426
1561,5982,6451994.654,1872548.983,6.60543162404998,6451994.654,1872548.983,5.560382451413361,6.016657810186645
1562,5983,6451996.298,1872547.571,7.46662457597491,6451996.298,1872547.571,5.956968811447264,6.362829767551027
1563,5984,6451998.132,1872545.947,8.260494450021202,6451998.132,1872545.947,6.184518184782721,6.746744385066686
1564,5985,6452000.166,1872544.156,9.122733248157758,6452000.166,1872544.156,6.095917703313902,7.09057963470905
1565,5986,6452002.39,1872542.153,9.816353139879002,6452002.39,1872542.153,6.095917703780871,7.321720451028404
1566,5987,6452004.795,1872540.011,9.705295793726155,6452004.795,1872540.011,6.095917703780871,7.238543105921157
1567,5988,6452007.192,1872537.915,9.709596681106612,6452007.192,1872537.915,6.095917703313902,7.236537437996155
1568,5989,6452009.59,1872535.818,9.705295793726155,6452009.59,1872535.818,6.095917703780871,7.240838191751689
1569,5990,6452011.987,1872533.722,9.707302441707244,6452011.987,1872533.722,6.095917703313902,7.238543107591297
1570,5991,6452014.384,1872531.625,9.70529579586308,6452014.384,1872531.625,6.095917703780871,7.240838191751689
1571,5992,6452016.781,1872529.529,9.705295794193301,6452016.781,1872529.529,6.007317263712558,7.238543105454091
1572,5993,6452019.178,1872527.433,9.707302441707244,6452019.178,1872527.433,6.237804792564129,7.236537438463051
1573,5994,6452021.575,1872525.336,9.705295793726155,6452021.575,1872525.336,6.471823504339511,7.240838193422495
1574,5995,6452023.972,1872523.24,9.70759050736586,6452023.972,1872523.24,6.7055168717937965,7.238543105921157
1575,5996,6452026.37,1872521.144,9.707880478915852,6452026.37,1872521.144,7.011450817695007,7.240838191751689
1576,5997,6452028.769,1872519.049,9.706168757375448,6452028.769,1872519.049,7.242843953081861,7.236537437996155
1577,5998,6452031.169,1872516.956,9.705875865275704,6452031.169,1872516.956,7.47953240498317,7.238543108058363
1578,5999,6452033.568,1872514.862,9.705295793726155,6452033.568,1872514.862,7.709645327153308,7.240838191284772
1579,6000,6452035.965,1872512.766,9.707302441707244,6452035.965,1872512.766,7.6187496078755865,7.238543105921157
1580,6001,6452038.362,1872510.669,9.661459030341694,6452038.362,1872510.669,7.621044781546383,7.138517513034882
1581,6002,6452040.753,1872508.588,9.783874899910662,6452040.753,1872508.588,7.620755867372887,7.379182191348147
1582,6003,6452043.165,1872506.47,9.85207525231586,6452043.165,1872506.47,7.621044783684176,7.940963706370497
1583,6004,6452045.575,1872504.316,9.839556318414354,6452045.575,1872504.316,7.6187496057382855,8.385765926815168
1584,6005,6452047.975,1872502.157,10.09584149638933,6452047.975,1872502.157,7.621044783684176,8.916356030425108
1585,6006,6452050.444,1872499.949,10.256423984892384,6452050.444,1872499.949,7.53014923578831,9.191652724616889
1586,6007,6452052.971,1872497.727,9.994930661291153,6452052.971,1872497.727,7.76058928836643,9.155950510071078
1587,6008,6452055.433,1872495.561,9.82866390375544,6452055.433,1872495.561,7.996950652437398,9.14387655674008
1588,6009,6452057.868,1872493.447,9.605228804136893,6452057.868,1872493.447,8.228347402230249,9.143876554135563
1589,6010,6452060.238,1872491.37,9.566518372270036,6452060.238,1872491.37,8.536576865330495,9.143876556273112
1590,6011,6452062.599,1872489.302,9.693828455229479,6452062.599,1872489.302,8.767970803980148,9.143876554602532
1591,6012,6452064.991,1872487.206,9.694113086226894,6452064.991,1872487.206,9.00234165945789,9.055276108770858
1592,6013,6452067.384,1872485.111,9.657126605260128,6452067.384,1872485.111,9.232477028522098,9.285695358525953
1593,6014,6452069.767,1872483.023,9.518921568533862,6452069.767,1872483.023,9.14387655674008,9.519782345409645
1594,6015,6452072.116,1872480.965,9.280465290565253,6452072.116,1872480.965,9.143876554135563,9.75117844483951
1595,6016,6452074.417,1872478.971,9.680770932326933,6452074.417,1872478.971,9.143876556273112,10.059409020275961
1596,6017,6452076.837,1872476.914,10.13022139175278,6452076.837,1872476.914,9.143876554135563,10.301699371300636
1597,6018,6452079.322,1872474.707,10.53101996868387,6452079.322,1872474.707,9.14387655674008,10.53658861013799
1598,6019,6452081.894,1872472.4,10.758749642938701,6452081.894,1872472.4,9.143876554135563,10.758288520364314
1599,6020,6452084.549,1872470.074,10.665848766649395,6452084.549,1872470.074,9.143876554135563,10.727472698308143
1600,6021,6452087.181,1872467.768,10.668141513949063,6452087.181,1872467.768,9.14387655674008,10.752412625208665
1601,6022,6452089.814,1872465.462,10.668141512281164,6452089.814,1872465.462,9.143876554135563,10.758602414071273
1602,6023,6452092.447,1872463.156,10.670149930578255,6452092.447,1872463.156,9.055276109237857,10.753166025649563
1603,6024,6452095.08,1872460.849,10.665848766181732,6452095.08,1872460.849,9.28503550719829,10.758602416249097
1604,6025,6452097.712,1872458.543,10.668141512281164,6452097.712,1872458.543,9.680058835445829,10.754747387274666
1605,6026,6452100.345,1872456.237,10.668141513949063,6452100.345,1872456.237,10.130994468466136,10.724802830334143
1606,6027,6452102.978,1872453.931,10.670149928443193,6452102.978,1872453.931,10.529457943521903,10.694415662708819
1607,6028,6452105.611,1872451.624,10.665848766649395,6452105.611,1872451.624,10.757604135170006,10.667857614462058
1608,6029,6452108.243,1872449.318,10.668141513949063,6452108.243,1872449.318,10.666708440306273,10.662993573118971
1609,6030,6452110.876,1872447.012,10.668141512281164,6452110.876,1872447.012,10.66900361519041,10.668141513949063
1610,6031,6452113.509,1872444.706,10.665848766649395,6452113.509,1872444.706,10.669003615657328,10.665848766649395
1611,6032,6452116.141,1872442.4,10.670149930110577,6452116.141,1872442.4,10.666708440306273,10.670149928443193
1612,6033,6452118.774,1872440.093,10.668141512281164,6452118.774,1872440.093,10.6248457835661,10.668141513949063
1613,6034,6452121.407,1872437.787,10.668141514416629,6452121.407,1872437.787,10.710686312304006,10.665848766649395
1614,6035,6452124.04,1872435.481,10.665848766181732,6452124.04,1872435.481,10.93995138713668,10.6681415118136
1615,6036,6452126.672,1872433.175,10.670149928443193,6452126.672,1872433.175,11.136659588931721,10.670149930578255
1616,6037,6452129.305,1872430.868,10.668141514416629,6452129.305,1872430.868,11.364636707299,10.668141512281164
1617,6038,6452131.938,1872428.562,10.579541699774637,6452131.938,1872428.562,11.451736767181657,10.665848766181732
1618,6039,6452134.549,1872426.275,10.809580201151404,6452134.549,1872426.275,11.407668858625303,10.668141514416629
1619,6040,6452137.227,1872423.95,11.073145308810838,6452137.227,1872423.95,11.454072544484884,10.670149928443193
1620,6041,6452139.949,1872421.544,11.275152272172404,6452139.949,1872421.544,11.359985960487498,10.668141513949063
1621,6042,6452142.732,1872419.107,11.073145309280836,6452142.732,1872419.107,11.138643578678105,10.665848766649395
1622,6043,6452145.454,1872416.701,10.720978545575957,6452145.454,1872416.701,10.937308754061252,10.668141512281164
1623,6044,6452148.11,1872414.395,10.721282699993688,6452148.11,1872414.395,10.714075521417065,10.670149930578255
1624,6045,6452150.767,1872412.09,11.044046414830921,6452150.767,1872412.09,10.626012597402397,10.668141513949063
1625,6046,6452153.493,1872409.703,11.299682558041065,6452153.493,1872409.703,10.665848766649395,10.665848764514283
1626,6047,6452156.27,1872407.247,11.503965257177429,6452156.27,1872407.247,10.668141513949063,10.668141513949063
1627,6048,6452159.109,1872404.76,11.44575786446784,6452159.109,1872404.76,10.668141512281164,10.668141514416629
1628,6049,6452161.934,1872402.286,11.415365514290471,6452161.934,1872402.286,10.670149930578255,10.667857612327348
1629,6050,6452164.751,1872399.818,11.357158029909575,6452164.751,1872399.818,10.665848766181732,10.668141513949063
1630,6051,6452167.554,1872397.363,11.557091999380642,6452167.554,1872397.363,10.668141512281164,10.668141512281164
1631,6052,6452170.417,1872394.877,11.850752566959583,6452170.417,1872394.877,10.668141514416629,10.668141513949063
1632,6053,6452173.331,1872392.303,12.020083541039755,6452173.331,1872392.303,10.665848766181732,10.667857614462058
1633,6054,6452176.297,1872389.704,11.817361722829956,6452176.297,1872389.704,10.670149928443193,10.668141512281164
1634,6055,6452179.214,1872387.15,11.587980105327171,6452179.214,1872387.15,10.668141514416629,10.668141513949063
1635,6056,6452182.073,1872384.644,11.783895186101736,6452182.073,1872384.644,10.6681415118136,10.668141514416629
1636,6057,6452184.992,1872382.109,12.027248880360384,6452184.992,1872382.109,10.665848766649395,10.667857612327348
1637,6058,6452187.962,1872379.511,12.355425071810327,6452187.962,1872379.511,10.670149930578255,10.668141513949063
1638,6059,6452191.026,1872376.857,12.732333681496604,6452191.026,1872376.857,10.6681415118136,10.668141514416629
1639,6060,6452194.166,1872374.102,13.036846153155679,6452194.166,1872374.102,10.668141514416629,10.668141512281164
1640,6061,6452197.358,1872371.255,13.346502892382334,6452197.358,1872371.255,10.665848766181732,10.665848766181732
1641,6062,6452200.652,1872368.37,13.113104241265717,6452200.652,1872368.37,10.670149928443193,10.579541699774637
1642,6063,6452203.888,1872365.535,12.791390207648611,6452203.888,1872365.535,10.668141514416629,10.809580201151404
1643,6064,6452207.045,1872362.77,13.084214466513938,6452207.045,1872362.77,10.668141513949063,11.044046414830921
1644,6065,6452210.285,1872359.954,13.339908987394178,6452210.285,1872359.954,10.665848764514283,11.275438184090543
1645,6066,6452213.577,1872357.07,13.574291185953589,6452213.577,1872357.07,10.670149930578255,11.585688164956975
1646,6067,6452216.916,1872354.123,13.804413534953813,6452216.916,1872354.123,10.6681415118136,11.817077132118097
1647,6068,6452220.323,1872351.139,13.715529923888008,6452220.323,1872351.139,10.665848766649395,12.049456825053142
1648,6069,6452223.707,1872348.173,13.715813731256798,6452223.707,1872348.173,10.668141514416629,12.281581561533088
1649,6070,6452227.092,1872345.208,13.715813731724396,6452227.092,1872345.208,10.6681415118136,12.190689290296834
1650,6071,6452230.477,1872342.243,13.715813731724396,6452230.477,1872342.243,10.670149930578255,12.19298179646094
1651,6072,6452233.862,1872339.278,13.627213956033646,6452233.862,1872339.278,10.665848766649395,12.190973544056622
1652,6073,6452237.225,1872336.332,13.854228603917804,6452237.225,1872336.332,10.6681415118136,12.19298179646094
1653,6074,6452240.671,1872333.368,14.257456178302203,6452240.671,1872333.368,10.668141514416629,12.19298179692857
1654,6075,6452244.188,1872330.284,14.56164351453326,6452244.188,1872330.284,10.670149930578255,12.19097354358909
1655,6076,6452247.756,1872327.107,14.817163181710669,6452247.756,1872327.107,10.665848764046618,12.190689288629645
1656,6077,6452251.419,1872323.911,14.72654440264096,6452251.419,1872323.911,10.668141514416629,12.192981798596156
1657,6078,6452255.053,1872320.727,14.583961138022797,6452255.053,1872320.727,10.668141513949063,12.10237369202055
1658,6079,6452258.621,1872317.539,14.708981036892322,6452258.621,1872317.539,10.579541699774637,12.334703174666323
1659,6080,6452262.181,1872314.281,14.691944611154957,6452262.181,1872314.281,10.808704814806948,12.568886558902841
1660,6081,6452265.701,1872310.988,14.5694160857611,6452265.701,1872310.988,11.204219564160564,12.800277680743191
1661,6082,6452269.179,1872307.709,14.659525447543151,6452269.179,1872307.709,11.653017435471343,13.108519606597797
1662,6083,6452272.675,1872304.406,14.606889283845437,6452272.675,1872304.406,12.055783263112719,13.413922487446769
1663,6084,6452276.168,1872301.125,14.337686383214985,6452276.168,1872301.125,12.2815815636684,13.619652655707888
1664,6085,6452279.637,1872297.948,13.979965252645098,6452279.637,1872297.948,12.190689288161924,13.689815376573764
1665,6086,6452283.067,1872294.903,13.715932944361022,6452283.067,1872294.903,12.190973544056622,13.725970108811257
1666,6087,6452286.466,1872291.954,13.661897638594622,6452286.466,1872291.954,12.19298179646094,13.688574788531508
1667,6088,6452289.858,1872289.024,13.71793060318235,6452289.858,1872289.024,12.19298179906379,13.754076274129257
1668,6089,6452293.257,1872286.074,13.715628816320674,6452293.257,1872286.074,12.19298179646094,13.716719646475958
1669,6090,6452296.655,1872283.124,13.715932942216869,6452296.655,1872283.124,12.190973541921053,13.715813733392139
1670,6091,6452300.054,1872280.175,13.715628816320674,6452300.054,1872280.175,12.190689290296834,13.715813731724396
1671,6092,6452303.452,1872277.225,13.717930603647513,6452303.452,1872277.225,12.19298179646094,13.713521073935803
1672,6093,6452306.851,1872274.275,13.792127590039428,6452306.851,1872274.275,12.190973544056622,13.715813733392139
1673,6094,6452310.264,1872271.304,13.652826276784346,6452310.264,1872271.304,12.19298179646094,13.715480137442809
1674,6095,6452313.646,1872268.367,13.317666689300168,6452313.646,1872268.367,12.19298179906379,13.629613490625939
1675,6096,6452316.969,1872265.53,13.09823519746798,6452316.969,1872265.53,12.190973541921053,13.857623982066036
1676,6097,6452320.262,1872262.769,13.100236274813346,6452320.262,1872262.769,12.190689290296834,14.089125061690908
1677,6098,6452323.575,1872260.031,13.340640219270323,6452323.575,1872260.031,12.104382063951551,14.35891837169784
1678,6099,6452326.949,1872257.243,13.474812257179066,6452326.949,1872257.243,12.329473085158899,14.516926136991554
1679,6100,6452330.352,1872254.421,13.41472725118026,6452330.352,1872254.421,12.73132998923514,14.494522282542786
1680,6101,6452333.741,1872251.613,13.414325565835147,6452333.741,1872251.613,13.177842146410077,14.451932175557083
1681,6102,6452337.129,1872248.804,13.41472725072748,6452337.129,1872248.804,13.578534512469663,14.517393940941165
1682,6103,6452340.518,1872245.996,13.416672120868416,6452340.518,1872245.996,13.806421945480245,14.533350150882205
1683,6104,6452343.907,1872243.187,13.412380355882993,6452343.907,1872243.187,13.715813731256798,14.741895494346132
1684,6105,6452347.295,1872240.379,13.416672122601073,6452347.295,1872240.379,13.715813731724396,14.68969583795517
1685,6106,6452350.684,1872237.57,13.4143255662881,6452350.684,1872237.57,13.715813731724396,14.749966113274986
1686,6107,6452354.072,1872234.761,13.41472725072748,6452354.072,1872234.761,13.715813733392139,14.680379302487605
1687,6108,6452357.461,1872231.953,13.414325568020416,6452357.461,1872231.953,13.715813731724396,14.35083402247937
1688,6109,6452360.849,1872229.144,13.414727248994412,6452360.849,1872229.144,13.715529921753255,14.047856368232772
1689,6110,6452364.238,1872226.336,13.414325568020416,6452364.238,1872226.336,13.715813731256798,13.732055932015781
1690,6111,6452367.626,1872223.527,13.414727248541634,6452367.626,1872223.527,13.715813733859738,13.658347835982026
1691,6112,6452371.015,1872220.719,13.414325568473366,6452371.015,1872220.719,13.715813731724396,13.71793060318235
1692,6113,6452374.403,1872217.91,13.41472725072748,6452374.403,1872217.91,13.715813731256798,13.713630822199029
1693,6114,6452377.792,1872215.102,13.433512541410265,6452377.792,1872215.102,13.627213956033646,13.71793060318235
1694,6115,6452381.189,1872212.294,13.414325565835147,6452381.189,1872212.294,13.833761272169331,13.713630822199029
1695,6116,6452384.577,1872209.485,13.303618139921667,6452384.577,1872209.485,14.17488744343768,13.717930601503669
1696,6117,6452387.916,1872206.674,13.215835921005187,6452387.916,1872206.674,14.565072990581168,13.715628816320674
1697,6118,6452391.213,1872203.858,13.106622572179582,6452391.213,1872203.858,14.969989102134576,13.715932944361022
1698,6119,6452394.461,1872201.04,13.087915376664832,6452394.461,1872201.04,14.937795239620158,13.715628816320674
1699,6120,6452397.7,1872198.221,13.106318482138377,6452397.7,1872198.221,14.828189195615566,13.715932944361022
1700,6121,6452400.947,1872195.402,13.106622574323733,6452400.947,1872195.402,14.920513238409434,13.715628816320674
1701,6122,6452404.195,1872192.584,13.106318482603626,6452404.195,1872192.584,14.852738558245541,13.71793060318235
1702,6123,6452407.442,1872189.765,13.106622574323733,6452407.442,1872189.765,14.445915530101136,13.713630822199029
1703,6124,6452410.69,1872186.947,13.199134454756486,6452410.69,1872186.947,14.115131024697195,13.717930601038509
1704,6125,6452413.953,1872184.1,12.791583039994363,6452413.953,1872184.1,13.713630822199029,13.713630822199029
1705,6126,6452417.071,1872181.291,12.110129008501886,6452417.071,1872181.291,13.649000495561847,13.71793060318235
1706,6127,6452420.057,1872178.67,11.582559217137398,6452420.057,1872178.67,13.717930601038509,13.717930603647513
1707,6128,6452422.911,1872176.161,10.925407083718557,6452422.911,1872176.161,13.713630822199029,13.713630822199029
1708,6129,6452425.634,1872173.83,10.514476599167601,6452425.634,1872173.83,13.71793060318235,13.71793060318235
1709,6130,6452428.235,1872171.564,10.679212487840958,6452428.235,1872171.564,13.715932944361022,13.713630820055144
1710,6131,6452430.885,1872169.272,10.669381091221414,6452430.885,1872169.272,13.715628816320674,13.71793060318235
1711,6132,6452433.529,1872166.978,10.667079029166581,6452433.529,1872166.978,13.717930603647513,13.715628816320674
1712,6133,6452436.172,1872164.684,10.667079029166581,6452436.172,1872164.684,13.625029122912606,13.715932944361022
1713,6134,6452438.815,1872162.39,10.667079027022794,6452438.815,1872162.39,13.859872692243353,13.715628816320674
1714,6135,6452441.458,1872160.096,10.66938109075634,6452441.458,1872160.096,14.12067872531141,13.715932944361022
1715,6136,6452444.102,1872157.802,10.667079029166581,6452444.102,1872157.802,14.320639332857505,13.715628816320674
1716,6137,6452446.745,1872155.508,10.667079029166581,6452446.745,1872155.508,14.122973699327776,13.717930601038509
1717,6138,6452449.388,1872153.214,10.67137882450777,6452449.388,1872153.214,13.859872690555957,13.713630822199029
1718,6139,6452452.032,1872150.919,10.667079029166581,6452452.032,1872150.919,13.53412566530567,13.717930603647513
1719,6140,6452454.675,1872148.625,10.667079029166581,6452454.675,1872148.625,13.861862342018881,13.71363082173388
1720,6141,6452457.318,1872146.331,10.667079029166581,6452457.318,1872146.331,14.12297369979476,13.717930603647513
1721,6142,6452459.961,1872144.037,10.66938109075634,6452459.961,1872144.037,14.318641410716108,13.715628816320674
1722,6143,6452462.605,1872141.743,10.667079027022794,6452462.605,1872141.743,14.12067872698158,13.715932944361022
1723,6144,6452465.248,1872139.449,10.667079029166581,6452465.248,1872139.449,13.861862339868587,13.80653229892835
1724,6145,6452467.891,1872137.155,10.759980510425358,6452467.891,1872137.155,13.625029125521618,13.57349245890514
1725,6146,6452470.557,1872134.841,10.525351287727595,6452470.557,1872134.841,13.715932943895952,13.177340181705361
1726,6147,6452473.154,1872132.565,10.291173332564716,6452473.154,1872132.565,13.715628816785914,12.731157776184796
1727,6148,6452475.704,1872130.352,10.05946489732205,6452475.704,1872130.352,13.71793060318235,12.333870501115744
1728,6149,6452478.195,1872128.187,9.753571423838142,6452478.195,1872128.187,13.713630820055144,12.103903124480588
1729,6150,6452480.613,1872126.091,9.536747307454643,6452480.613,1872126.091,13.71793060318235,12.192504815988976
1730,6151,6452482.961,1872124.023,9.168858716837732,6452482.961,1872124.023,13.713630822199029,12.190507150037778
1731,6152,6452485.26,1872122.083,8.7632592085336,6452485.26,1872122.083,13.71793060318235,12.190203070498084
1732,6153,6452487.475,1872120.25,9.478853173806053,6452487.475,1872120.25,13.715628816320674,12.192504816454147
1733,6154,6452489.848,1872118.24,9.91102792454207,6452489.848,1872118.24,13.715932944361022,12.19250481384516
1734,6155,6452492.275,1872116.076,10.012925414335106,6452492.275,1872116.076,13.715628816320674,12.28110650661262
1735,6156,6452494.69,1872113.849,9.225881130186863,6452494.69,1872113.849,13.717930601503669,12.050760925409893
1736,6157,6452496.969,1872111.857,8.723443094311135,6452496.969,1872111.857,13.71363082173388,11.814297279366382
1737,6158,6452499.162,1872110.018,8.000944846414214,6452499.162,1872110.018,13.717930603647513,11.584890269045985
1738,6159,6452501.193,1872108.355,8.52137346487942,6452501.193,1872108.355,13.713630822199029,11.2460944534395
1739,6160,6452503.282,1872106.497,9.23196482898422,6452503.282,1872106.497,13.71793060318235,11.127858957703458
1740,6161,6452505.508,1872104.443,9.036717575590297,6452505.508,1872104.443,13.715628816320674,11.245831754736571
1741,6162,6452507.666,1872102.41,9.033668342850238,6452507.666,1872102.41,13.715932944361022,11.164995410542657
1742,6163,6452509.845,1872100.401,9.030351117164075,6452509.845,1872100.401,13.715628816320674,11.0907690385426
1743,6164,6452512.079,1872098.455,9.028532554593236,6452512.079,1872098.455,13.715932942216869,10.815816726615155
1744,6165,6452514.338,1872096.539,9.03007745394624,6452514.338,1872096.539,13.80653229892835,10.626374114635404
1745,6166,6452516.584,1872094.607,9.032388399856083,6452516.584,1872094.607,13.571873310124591,10.681918103956047
1746,6167,6452518.831,1872092.675,9.03007745394624,6452518.831,1872092.675,13.341721324928425,10.610579643303137
1747,6168,6452521.077,1872090.743,9.03007745609827,6452521.077,1872090.743,13.108316909049947,10.67388885113688
1748,6169,6452523.323,1872088.811,9.032388399856083,6452523.323,1872088.811,12.797820285316062,10.658777555660748
1749,6170,6452525.57,1872086.879,9.03007745394624,6452525.57,1872086.879,12.568715075543093,10.693963491840563
1750,6171,6452527.816,1872084.947,9.02809007558634,6452527.816,1872084.947,12.336446296119144,10.74506810422303
1751,6172,6452530.062,1872083.016,9.032388399856083,6452530.062,1872083.016,12.101905421423586,10.752604437424171
1752,6173,6452532.309,1872081.084,9.03007745394624,6452532.309,1872081.084,12.190203072641596,10.814067322865554
1753,6174,6452534.555,1872079.152,9.03007745609827,6452534.555,1872079.152,12.19250481384516,10.52852838081703
1754,6175,6452536.801,1872077.22,9.032388399856083,6452536.801,1872077.22,12.19250481384516,10.249707971839152
1755,6176,6452539.048,1872075.288,9.03007745394624,6452539.048,1872075.288,12.19250481384516,10.152137182597482
1756,6177,6452541.294,1872073.356,9.030077455635476,6452541.294,1872073.356,12.28110650922163,10.443062295993254
1757,6178,6452543.54,1872071.424,9.030401526238554,6452543.54,1872071.424,12.050423251049295,10.845073977139448
1758,6179,6452545.787,1872069.493,9.03007745609827,6452545.787,1872069.493,11.654229583315562,11.077726947461876
1759,6180,6452548.033,1872067.561,9.03007745609827,6452548.033,1872067.561,11.205755512706698,10.979118545509213
1760,6181,6452550.279,1872065.629,9.03007745609827,6452550.279,1872065.629,10.812829726433193,10.987544109032633
1761,6182,6452552.525,1872063.697,9.032388397703649,6452552.525,1872063.697,10.667079029166581,10.981260441616197
1762,6183,6452554.772,1872061.765,9.030077455635476,6452554.772,1872061.765,10.525351287727595,11.077169231519306
1763,6184,6452557.018,1872059.833,9.03007745609827,6452557.018,1872059.833,10.291173332564716,10.803072197718404
1764,6185,6452559.264,1872057.901,9.030401526238554,6452559.264,1872057.901,10.03774475467766,10.233988511660435
1765,6186,6452561.511,1872055.97,9.03007745609827,6452561.511,1872055.97,9.830965733504238,9.844996591869013
1766,6187,6452563.757,1872054.038,9.03007745394624,6452563.757,1872054.038,9.982066443668629,9.286667788734032
1767,6188,6452566.003,1872052.106,9.032388399393412,6452566.003,1872052.106,9.773542584402424,9.046310467627368
1768,6189,6452568.25,1872050.174,9.03007745609827,6452568.25,1872050.174,9.484324519639317,9.175745694862687
1769,6190,6452570.496,1872048.242,9.03007745394624,6452570.496,1872048.242,9.233170820172681,9.144061975696506
1770,6191,6452572.742,1872046.31,9.032388399856083,6452572.742,1872046.31,9.768531392058698,9.142899097477606
1771,6192,6452574.989,1872044.378,9.028090076048993,6452574.989,1872044.378,10.116247715914382,9.142899097919546
1772,6193,6452577.235,1872042.447,9.03007745394624,6452577.235,1872042.447,10.660006890024052,9.145006293507857
1773,6194,6452579.481,1872040.515,9.032388399393412,6452579.481,1872040.515,10.843947866647646,9.116131323724511
1774,6195,6452581.728,1872038.583,9.03007745609827,6452581.728,1872038.583,10.763383545117984,9.149178100671458
1775,6196,6452583.974,1872036.651,9.03007745394624,6452583.974,1872036.651,10.772341796937607,9.199749169368534
1776,6197,6452586.22,1872034.719,9.03007745609827,6452586.22,1872034.719,10.763383544616776,9.281397731157098
1777,6198,6452588.466,1872032.787,9.032388399856083,6452588.466,1872032.787,10.847773335825593,9.077120553946955
1778,6199,6452590.713,1872030.855,9.028090073433837,6452590.713,1872030.855,10.648653346274845,8.717887979400992
1779,6200,6452592.959,1872028.924,9.03007745609827,6452592.959,1872028.924,10.113523967979843,8.483937585137273
1780,6201,6452595.205,1872026.992,9.032388397703649,6452595.205,1872026.992,9.709472294813505,8.28043827214248
1781,6202,6452597.452,1872025.06,9.03007745609827,6452597.452,1872025.06,9.207496959532936,8.601745997281496
1782,6203,6452599.698,1872023.128,9.03007745609827,6452599.698,1872023.128,8.687013890268814,8.748531524432588
1783,6204,6452601.944,1872021.196,9.032388397703649,6452601.944,1872021.196,8.590967381618658,8.748531524432588
1784,6205,6452604.191,1872019.264,9.03007745609827,6452604.191,1872019.264,8.529082847893395,8.670623585791922
1785,6206,6452606.437,1872017.332,9.02809007558634,6452606.437,1872017.332,8.774328058180757,8.166986747454082
1786,6207,6452608.683,1872015.401,9.032388397703649,6452608.683,1872015.401,8.913232269205233,8.095135683659255
1787,6208,6452610.93,1872013.469,9.03007745609827,6452610.93,1872013.469,8.851228788072596,8.187908951172796
1788,6209,6452613.176,1872011.537,9.03007745609827,6452613.176,1872011.537,8.851228787602652,8.150607895763866
1789,6210,6452615.422,1872009.605,9.032388397703649,6452615.422,1872009.605,8.851228787602652,8.090832035460474
1790,6211,6452617.669,1872007.673,9.03007745609827,6452617.669,1872007.673,8.848945074479678,7.7122965249269395
1791,6212,6452619.915,1872005.741,9.113104586290671,6452619.915,1872005.741,8.853247475126443,7.529007930458524
1792,6213,6452622.178,1872003.787,8.947177512692821,6452622.178,1872003.787,8.851228787602652,7.6224977320133105
1793,6214,6452624.388,1872001.855,8.516452354907276,6452624.388,1872001.855,8.851228787602652,7.620112775790605
1794,6215,6452626.52,1872000.049,8.131587023070972,6452626.52,1872000.049,8.848945076606338,7.618214882858526
1795,6216,6452628.59,1871998.366,7.706791301596371,6452628.59,1871998.366,8.851228787602652,7.6201127735696605
1796,6217,6452630.583,1871996.81,7.535946234749915,6452630.583,1871996.81,8.851228788072596,7.620112775790605
1797,6218,6452632.522,1871995.276,7.620112775790605,6452632.522,1871995.276,8.853247474656364,7.620112775790605
1798,6219,6452634.478,1871993.719,7.711515294831523,6452634.478,1871993.719,8.848945074479678,7.620600430827441
1799,6220,6452636.458,1871992.144,7.466888974707205,6452636.458,1871992.144,8.851228788072596,7.620112775790605
1800,6221,6452638.364,1871990.605,7.222968377522504,6452638.364,1871990.605,8.851228787602652,7.620112775790605
1801,6222,6452640.229,1871989.143,7.106011787275795,6452640.229,1871989.143,8.97117742039124,7.620112775790605
1802,6223,6452642.053,1871987.691,7.069363408522291,6452642.053,1871987.691,8.610295733925147,7.618214880195229
1803,6224,6452643.868,1871986.247,7.071261465931645,6452643.868,1871986.247,8.011939197378254,7.620112775790605
1804,6225,6452645.683,1871984.802,7.10411386242169,6452645.683,1871984.802,7.544338768122469,7.622497732455148
1805,6226,6452647.507,1871983.351,7.222968377522504,6452647.507,1871983.351,6.956047544257232,7.618214880637028
1806,6227,6452649.372,1871981.889,7.471175256050286,6452649.372,1871981.889,6.587162406395809,7.620112775790605
1807,6228,6452651.279,1871980.349,7.70913016215915,6452651.279,1871980.349,6.7065565868824875,7.62011277534863
1808,6229,6452653.258,1871978.774,7.618214880195229,6452653.258,1871978.774,6.708897957584634,7.620112775790605
1809,6230,6452655.214,1871977.218,7.620112775790605,6452655.214,1871977.218,6.7065565868824875,7.618214880637028
1810,6231,6452657.17,1871975.661,7.620112775790605,6452657.17,1871975.661,6.7065565890627905,7.622497732455148
1811,6232,6452659.126,1871974.104,7.620112775790605,6452659.126,1871974.104,6.7088979554038,7.620112775790605
1812,6233,6452661.082,1871972.547,7.620600431269104,6452661.082,1871972.547,6.7065565890627905,7.620112773127686
1813,6234,6452663.039,1871970.991,7.620112775790605,6452663.039,1871970.991,6.7065565868824875,7.618214882858526
1814,6235,6452664.995,1871969.434,7.62011277534863,6452664.995,1871969.434,6.708897957584634,7.620112775790605
1815,6236,6452666.951,1871967.877,7.618214880637028,6452666.951,1871967.877,6.706556587336933,7.622497730233764
1816,6237,6452668.907,1871966.321,7.620112775790605,6452668.907,1871966.321,6.7065565890627905,7.618214882416726
1817,6238,6452670.863,1871964.764,7.620112775790605,6452670.863,1871964.764,6.7065565868824875,7.620112775790605
1818,6239,6452672.819,1871963.207,7.622497730233764,6452672.819,1871963.207,6.708897957584634,7.620112775790605
1819,6240,6452674.776,1871961.65,7.618214882416726,6452674.776,1871961.65,6.7065565868824875,7.6201127735696605
1820,6241,6452676.732,1871960.094,7.620112775790605,6452676.732,1871960.094,6.7065565890627905,7.618214882858526
1821,6242,6452678.688,1871958.537,7.620112775790605,6452678.688,1871958.537,6.75534793805258,7.6224977320133105
1822,6243,6452680.644,1871956.98,7.6201127735696605,6452680.644,1871956.98,6.670405763890368,7.70913016037996
1823,6244,6452682.6,1871955.423,7.618214882416726,6452682.6,1871955.423,6.4676268946256075,7.46377284723711
1824,6245,6452684.556,1871953.867,7.622497732455148,6452684.556,1871953.867,6.233204713349158,7.080803808129911
1825,6246,6452686.513,1871952.31,7.6201127735696605,6452686.513,1871952.31,6.036980863595904,6.793193372594585
1826,6247,6452688.469,1871950.753,7.618214882858526,6452688.469,1871950.753,6.048759647960252,6.557160495000913
1827,6248,6452690.425,1871949.197,7.620112775790605,6452690.425,1871949.197,6.108357021024284,6.609529493705709
1828,6249,6452692.381,1871947.64,7.62011277534863,6452692.381,1871947.64,6.095428473956131,6.495350932877378
