Index(Frame ID),Front vehicle position(global_X),Front vehicle position(global_Y),Front vehicle velocity(m/s),Rear vehicle position(global_X),Rear vehicle position(global_Y),Rear vehicle velocity(m/s),Ego vehicle velocity(m/s)
8334,6451172.231,1873274.233,10.286498018896678,6451123.395,1873327.231,9.408716854617495,6.866808899725694
8335,6451174.518,1873271.751,10.286498018896678,6451125.412,1873325.01,9.408716854617495,7.366656507162451
8336,6451176.805,1873269.269,10.286498018896678,6451127.428,1873322.788,9.408716854617495,7.601341054556538
8337,6451179.092,1873266.787,10.286498018896678,6451129.444,1873320.567,9.408716854617495,7.628771715940262
8338,6451181.379,1873264.305,10.286498018896678,6451131.461,1873318.346,9.408716854617495,7.622676013410546
8339,6451183.666,1873261.823,10.286498018896678,6451133.493,1873316.126,9.408716854617495,7.619628162145687
8340,6451185.953,1873259.341,10.286498018896678,6451135.593,1873313.814,9.637305699481866,7.619628162145687
8341,6451188.24,1873256.858,10.286498018896678,6451137.745,1873311.446,9.899420908259675,7.619628162145687
8342,6451190.527,1873254.376,10.292593721426394,6451139.962,1873309.001,10.161536117037489,7.619628162145687
8343,6451192.814,1873251.894,10.29868942395611,6451142.231,1873306.5,10.396220664431576,7.619628162145687
8344,6451195.101,1873249.412,10.237732398658945,6451144.548,1873303.93,10.560804632733921,7.6165803108808285
8345,6451197.414,1873246.891,10.060957025297164,6451146.928,1873301.318,10.63700091435538,7.622676013410546
8346,6451199.62,1873244.452,9.756171898811337,6451149.277,1873298.722,10.627857360560803,7.662298079853703
8347,6451201.757,1873242.154,9.39652544955806,6451151.592,1873296.122,10.56690033526364,7.753733617799451
8348,6451203.834,1873240.006,9.131362389515392,6451153.875,1873293.532,10.396220664431576,7.924413288631515
8349,6451205.798,1873237.907,8.942395611094177,6451156.141,1873290.959,10.097531240475465,8.192624199939042
8350,6451207.786,1873235.723,8.759524535202681,6451158.418,1873288.405,9.89332520572996,8.540079244132885
8351,6451209.815,1873233.478,8.671136848521792,6451160.705,1873285.856,9.887229503200242,8.93934775982932
8352,6451211.832,1873231.257,8.701615361170374,6451162.988,1873283.304,10.07010057909174,9.320329167936604
8353,6451213.848,1873229.036,8.847912221883572,6451165.272,1873280.751,10.326120085339836,9.606827186833282
8354,6451215.865,1873226.815,9.052118256629075,6451167.555,1873278.198,10.435842730874734,9.77141115513563
8355,6451217.881,1873224.593,9.140505943309966,6451169.839,1873275.645,10.435842730874734,9.835416031697653
8356,6451219.898,1873222.372,9.140505943309966,6451172.123,1873273.093,10.435842730874734,9.847607436757087
8357,6451221.914,1873220.151,9.146601645839683,6451174.406,1873270.54,10.435842730874734,9.801889667784211
8358,6451223.931,1873217.93,9.14964949710454,6451176.69,1873267.987,10.435842730874734,9.637305699481866
8359,6451225.947,1873215.708,9.119170984455959,6451178.973,1873265.434,10.435842730874734,9.411764705882351
8360,6451227.983,1873213.465,9.021639743980494,6451181.257,1873262.882,10.43889058213959,9.305089911612313
8361,6451229.964,1873211.265,8.878390734532154,6451183.54,1873260.329,10.43889058213959,9.378238341968911
8362,6451231.895,1873209.157,8.7656202377324,6451185.824,1873257.776,10.43889058213959,9.591587930508991
8363,6451233.778,1873207.082,8.768668088997256,6451188.108,1873255.223,10.441938433404449,9.792746113989638
8364,6451235.709,1873204.973,8.88753428832673,6451190.391,1873252.671,10.448034135934167,9.85979884181652
8365,6451237.69,1873202.773,9.003352636391343,6451192.675,1873250.118,10.435842730874734,9.85979884181652
8366,6451239.746,1873200.508,9.00944833892106,6451194.968,1873247.546,10.35355074672356,9.865894544346235
8367,6451241.726,1873198.308,8.86924718073758,6451197.252,1873244.992,10.170679670832062,9.865894544346235
8368,6451243.659,1873196.177,8.661993294727218,6451199.472,1873242.538,9.905516610789393,9.823224626638218
8369,6451245.541,1873194.124,8.488265772630296,6451201.658,1873240.213,9.640353550746722,9.698262724779031
8370,6451247.373,1873192.106,8.402925937214263,6451203.78,1873237.988,9.417860408412068,9.46967387991466
8371,6451249.218,1873190.073,8.378543127095396,6451205.893,1873235.781,9.192319414812557,9.16793660469369
8372,6451251.07,1873188.034,8.174337092349893,6451208.015,1873233.554,8.99116123133191,8.863151478207863
8373,6451252.935,1873185.979,7.586101798232246,6451210.138,1873231.328,8.911917098445596,8.634562633343492
8374,6451254.75,1873183.96,6.9338616275525755,6451212.26,1873229.101,8.982017677537335,8.509600731484303
8375,6451256.513,1873182.018,6.595550137153307,6451214.382,1873226.875,9.161840902163974,8.466930813776287
8376,6451258.23,1873180.146,6.754038402925937,6451216.505,1873224.649,9.323377019201462,8.466930813776287
8377,6451259.87,1873178.339,7.302651630600427,6451218.627,1873222.422,9.375190490704053,8.473026516306005
8378,6451261.587,1873176.467,7.7781164279183175,6451220.749,1873220.196,9.375190490704053,8.473026516306005
8379,6451263.353,1873174.503,7.96708320633953,6451222.872,1873217.97,9.375190490704053,8.473026516306005
8380,6451265.166,1873172.506,7.96708320633953,6451224.994,1873215.743,9.375190490704053,8.204815604998476
8381,6451266.932,1873170.542,7.884791222188357,6451227.117,1873213.517,9.375190490704053,7.583053946967388
8382,6451268.628,1873168.692,7.829929899420908,6451229.239,1873211.29,9.375190490704053,7.141115513562938
8383,6451270.325,1873166.842,7.890886924718074,6451231.361,1873209.064,9.378238341968911,7.144163364827796
8384,6451272.09,1873164.878,8.140810728436453,6451233.484,1873206.838,9.387381895763486,7.589149649497104
8385,6451273.884,1873162.929,8.607131971959767,6451235.606,1873204.611,9.366046936909479,8.21395915879305
8386,6451275.885,1873160.925,9.27765925022859,6451237.739,1873202.36,9.259372142639439,8.491313623895154
8387,6451278.144,1873158.692,10.12191405059433,6451239.856,1873200.132,9.033831149039926,8.491313623895154
8388,6451280.661,1873156.316,10.996647363608655,6451241.907,1873198.067,8.713806766229808,8.421213044803412
8389,6451283.442,1873153.737,11.700701005790917,6451243.918,1873196.107,8.39073453215483,8.210911307528193
8390,6451286.465,1873150.998,12.1182566290765,6451245.865,1873194.308,8.168241389820176,7.829929899420908
8391,6451289.493,1873148.274,12.237122828405973,6451247.794,1873192.534,8.058518744285278,7.351417250838159
8392,6451292.531,1873145.618,12.167022249314233,6451249.734,1873190.735,8.03718378543127,6.973483693995733
8393,6451295.591,1873143.11,12.06644315757391,6451251.675,1873188.936,7.93355684242609,6.8790003047851265
8394,6451298.658,1873140.656,11.935385553185004,6451253.615,1873187.137,7.546479731789089,7.11978055470893
8395,6451301.712,1873138.112,11.645839683023468,6451255.555,1873185.337,7.052727826882048,7.610484608351112
8396,6451304.58,1873135.456,11.091130752819263,6451257.496,1873183.538,6.7875647668393775,8.17738494361475
8397,6451307.208,1873133.095,10.274306613837245,6451259.463,1873181.719,6.851569643401402,8.661993294727218
8398,6451309.57,1873130.912,9.350807680585186,6451261.324,1873179.942,7.147211216092654,8.99116123133191
8399,6451311.676,1873128.929,8.540079244132885,6451263.119,1873178.248,7.3818957634867415,9.161840902163974
8400,6451313.571,1873127.201,7.942700396220664,6451264.855,1873176.57,7.4215178299299,9.201462968607132
8401,6451315.377,1873125.47,7.573910393172813,6451266.48,1873174.84,7.445900640048765,9.14964949710454
8402,6451317.118,1873123.769,7.43675708625419,6451268.133,1873173.008,7.52514477293508,9.058213959158792
8403,6451318.791,1873122.128,7.5068576653459305,6451269.826,1873171.134,7.564766839378238,8.988113380067052
8404,6451320.568,1873120.441,7.7598293203291675,6451271.526,1873169.261,7.497714111551357,8.99116123133191
8405,6451322.423,1873118.631,8.113380067052727,6451273.17,1873167.431,7.354465102103017,9.058213959158792
8406,6451324.359,1873116.671,8.427308747333129,6451274.766,1873165.693,7.20816824138982,9.146601645839683
8407,6451326.428,1873114.663,8.619323377019201,6451276.333,1873163.967,7.1106370009143545,9.20451081987199
8408,6451328.482,1873112.687,8.689423956110941,6451277.892,1873162.249,7.080158488265773,9.21975007619628
8409,6451330.536,1873110.712,8.6924718073758,6451279.451,1873160.531,7.1106370009143545,9.216702224931423
8410,6451332.59,1873108.736,8.686376104846083,6451281.018,1873158.805,7.20816824138982,9.213654373666564
8411,6451334.644,1873106.76,8.686376104846083,6451282.613,1873157.067,7.372752209692167,9.210606522401706
8412,6451336.698,1873104.784,8.527887839073452,6451284.257,1873155.244,7.586101798232246,9.210606522401706
8413,6451338.752,1873102.808,8.165193538555318,6451285.977,1873153.371,7.823834196891192,9.213654373666564
8414,6451340.806,1873100.832,7.909174032307223,6451287.771,1873151.484,8.05547089302042,9.228893629990857
8415,6451342.86,1873098.857,7.9061261810423655,6451289.628,1873149.55,8.259676927765925,9.265467845169155
8416,6451344.914,1873096.881,8.165193538555318,6451291.562,1873147.579,8.384638829625114,9.317281316671746
8417,6451346.968,1873094.905,8.527887839073452,6451293.544,1873145.566,8.393782383419689,9.369094788174337
8418,6451349.021,1873092.929,8.683328253581225,6451295.52,1873143.63,8.314538250533374,9.405669003352635
8419,6451351.075,1873090.953,8.686376104846083,6451297.521,1873141.844,8.226150563852483,9.420908259676928
8420,6451353.129,1873088.977,8.6924718073758,6451299.532,1873140.114,8.223102712587625,9.420908259676928
8421,6451355.183,1873087.002,8.677232551051508,6451301.533,1873138.328,8.323681804327949,9.262419993904297
8422,6451357.249,1873085.013,8.60408412069491,6451303.498,1873136.399,8.457787259981712,8.902773544651021
8423,6451359.292,1873083.036,8.448643706187138,6451305.484,1873134.372,8.512648582749161,8.619323377019201
8424,6451361.268,1873081.128,8.229198415117342,6451307.513,1873132.368,8.427308747333129,8.451691557451996
8425,6451363.201,1873079.31,8.006705272782687,6451309.474,1873130.426,8.238341968911918,8.323681804327949
8426,6451365.067,1873077.561,7.8512648582749165,6451311.396,1873128.609,8.070710149344713,8.073758000609569
8427,6451366.91,1873075.825,7.7781164279183175,6451313.231,1873126.85,8.006705272782687,7.476379152697349
8428,6451368.765,1873074.075,7.762877171594026,6451315.121,1873125.032,8.009753124047547,6.7906126181042366
8429,6451370.62,1873072.325,7.768972874123742,6451317.065,1873123.161,7.98537031392868,6.324291374580921
8430,6451372.475,1873070.575,7.772020725388601,6451318.955,1873121.322,7.878695519658641,6.098750380981408
8431,6451374.33,1873068.825,7.772020725388601,6451320.799,1873119.57,7.73849436147516,6.092654678451691
8432,6451376.185,1873067.076,7.772020725388601,6451322.579,1873117.857,7.640963120999695,6.208473026516306
8433,6451378.041,1873065.326,7.772020725388601,6451324.381,1873116.124,7.610484608351112,6.345626333434928
8434,6451379.896,1873063.576,7.772020725388601,6451326.183,1873114.391,7.61353245961597,6.479731789088692
8435,6451381.751,1873061.826,7.772020725388601,6451327.984,1873112.657,7.619628162145687,6.6077415422127395
8436,6451383.606,1873060.076,7.772020725388601,6451329.786,1873110.924,7.619628162145687,6.760134105455653
8437,6451385.461,1873058.326,7.772020725388601,6451331.588,1873109.191,7.619628162145687,6.982627247790307
8438,6451387.316,1873056.577,7.772020725388601,6451333.389,1873107.458,7.619628162145687,7.244742456568119
8439,6451389.171,1873054.827,7.772020725388601,6451335.191,1873105.725,7.619628162145687,7.464187747637914
8440,6451391.026,1873053.077,7.768972874123742,6451336.993,1873103.992,7.461139896373057,7.589149649497104
8441,6451392.881,1873051.327,7.772020725388601,6451338.794,1873102.258,7.0953977445900644,7.625723864675403
8442,6451394.728,1873049.573,7.784212130448034,6451340.596,1873100.525,6.833282535812253,7.622676013410546
8443,6451396.583,1873047.823,7.8085949405669,6451342.398,1873098.792,6.833282535812253,7.6165803108808285
8444,6451398.481,1873046.095,7.845169155745199,6451344.2,1873097.059,7.092349893325205,7.6165803108808285
8445,6451400.424,1873044.395,7.881743370923498,6451346.001,1873095.326,7.458092045108198,7.6165803108808285
8446,6451402.41,1873042.716,7.909174032307223,6451347.803,1873093.592,7.6165803108808285,7.6165803108808285
8447,6451404.404,1873041.04,7.918317586101798,6451349.605,1873091.859,7.6165803108808285,7.6165803108808285
8448,6451406.39,1873039.361,7.9213654373666555,6451351.406,1873090.126,7.6165803108808285,7.6165803108808285
8449,6451408.376,1873037.682,7.918317586101798,6451353.208,1873088.393,7.6165803108808285,7.6165803108808285
8450,6451410.361,1873036.003,7.918317586101798,6451355.01,1873086.66,7.622676013410546,7.6165803108808285
8451,6451412.347,1873034.324,7.918317586101798,6451356.811,1873084.927,7.625723864675403,7.6165803108808285
8452,6451414.333,1873032.645,7.918317586101798,6451358.613,1873083.193,7.595245352026821,7.6165803108808285
8453,6451416.319,1873030.966,7.918317586101798,6451360.436,1873081.44,7.500761962816214,7.619628162145687
8454,6451418.305,1873029.287,7.918317586101798,6451362.196,1873079.726,7.357512953367875,7.619628162145687
8455,6451420.291,1873027.608,7.918317586101798,6451363.909,1873078.098,7.244742456568119,7.619628162145687
8456,6451422.277,1873025.929,7.918317586101798,6451365.568,1873076.503,7.244742456568119,7.619628162145687
8457,6451424.263,1873024.25,7.918317586101798,6451367.282,1873074.875,7.357512953367875,7.619628162145687
8458,6451426.248,1873022.57,7.918317586101798,6451369.042,1873073.161,7.497714111551357,7.604388905821396
8459,6451428.234,1873020.891,7.918317586101798,6451370.865,1873071.408,7.595245352026821,7.5617189881133795
8460,6451430.22,1873019.212,7.918317586101798,6451372.666,1873069.675,7.625723864675403,7.491618409021639
8461,6451432.206,1873017.533,7.9213654373666555,6451374.468,1873067.941,7.622676013410546,7.4184699786650405
8462,6451434.192,1873015.854,7.918317586101798,6451376.27,1873066.208,7.619628162145687,7.357512953367875
8463,6451436.181,1873014.176,7.9061261810423655,6451378.071,1873064.475,7.619628162145687,7.327034440719292
8464,6451438.175,1873012.499,7.872599817128923,6451379.873,1873062.742,7.619628162145687,7.31484303565986
8465,6451440.133,1873010.817,7.8146906430966165,6451381.675,1873061.009,7.6165803108808285,7.317890886924718
8466,6451442.034,1873009.118,7.711063700091436,6451383.483,1873059.278,7.601341054556538,7.317890886924718
8467,6451443.894,1873007.398,7.503809814081073,6451385.277,1873057.537,7.573910393172813,7.317890886924718
8468,6451445.692,1873005.665,7.263029564157268,6451387.042,1873055.793,7.531240475464798,7.317890886924718
8469,6451447.486,1873003.929,7.141115513562938,6451388.8,1873054.072,7.494666260286498,7.317890886924718
8470,6451449.287,1873002.195,7.192928985065529,6451390.576,1873052.39,7.47333130143249,7.317890886924718
8471,6451451.089,1873000.462,7.375800060957025,6451392.387,1873050.744,7.467235598902773,7.317890886924718
8472,6451452.891,1872998.729,7.552575434318805,6451394.213,1873049.107,7.467235598902773,7.317890886924718
8473,6451454.692,1872996.996,7.61353245961597,6451396.03,1873047.462,7.470283450167632,7.317890886924718
8474,6451456.494,1872995.263,7.610484608351112,6451397.848,1873045.818,7.470283450167632,7.317890886924718
8475,6451458.296,1872993.529,7.604388905821396,6451399.666,1873044.173,7.470283450167632,7.317890886924718
8476,6451460.098,1872991.796,7.644010972264553,6451401.483,1873042.529,7.470283450167632,7.311795184395001
8477,6451461.878,1872990.083,7.775068576653459,6451403.301,1873040.885,7.470283450167632,7.320938738189576
8478,6451463.737,1872988.351,8.028040231636696,6451405.119,1873039.24,7.470283450167632,7.4184699786650405
8479,6451465.68,1872986.512,8.37549527583054,6451406.936,1873037.596,7.470283450167632,7.677537336177995
8480,6451467.701,1872984.538,8.725998171289241,6451408.754,1873035.951,7.470283450167632,8.028040231636696
8481,6451469.806,1872982.457,8.978969826272477,6451410.571,1873034.307,7.470283450167632,8.387686680889972
8482,6451471.989,1872980.357,9.110027430661383,6451412.389,1873032.662,7.470283450167632,8.814385857970132
8483,6451474.151,1872978.277,9.146601645839683,6451414.207,1873031.018,7.470283450167632,9.268515696434013
8484,6451476.313,1872976.198,9.140505943309966,6451416.024,1873029.373,7.464187747637914,9.698262724779031
8485,6451478.475,1872974.118,9.137458092045108,6451417.842,1873027.729,7.464187747637914,10.030478512648582
8486,6451480.637,1872972.038,9.13441024078025,6451419.66,1873026.084,7.5068576653459305,10.143249009448338
8487,6451482.799,1872969.958,9.128314538250534,6451421.452,1873024.456,7.647058823529411,10.143249009448338
8488,6451484.961,1872967.878,9.16793660469369,6451423.348,1873022.812,7.900030478512649,10.124961901859189
8489,6451487.102,1872965.819,9.305089911612313,6451425.338,1873021.085,8.241389820176774,9.99695214873514
8490,6451489.323,1872963.737,9.564157269125266,6451427.421,1873019.25,8.585797013105761,9.686071319719598
8491,6451491.636,1872961.553,9.914660164583967,6451429.598,1873017.332,8.838768668088997,9.18622371228284
8492,6451494.037,1872959.246,10.243828101188662,6451431.879,1873015.399,8.97592197500762,8.579701310576043
8493,6451496.524,1872956.824,10.435842730874734,6451434.134,1873013.482,9.021639743980494,8.049375190490704
8494,6451499.113,1872954.454,10.481560499847607,6451436.389,1873011.565,9.018591892715635,7.750685766534593
8495,6451501.698,1872952.225,10.451081987199023,6451438.645,1873009.647,9.018591892715635,7.711063700091436
8496,6451504.283,1872950.038,10.448034135934167,6451440.9,1873007.73,8.92106065224017,7.869551965864066
8497,6451506.86,1872947.801,10.518134715025905,6451443.155,1873005.813,8.661993294727218,8.119475769582444
8498,6451509.435,1872945.451,10.646144468149954,6451445.43,1873003.883,8.424260896068272,8.378543127095396
8499,6451512.025,1872943.09,10.82901554404145,6451447.647,1873001.987,8.323681804327949,8.625419079548918
8500,6451514.712,1872940.773,11.088082901554404,6451449.816,1873000.137,8.421213044803412,8.85096007314843
8501,6451517.492,1872938.382,11.423346540688813,6451451.922,1872998.258,8.686376104846083,9.070405364218226
8502,6451520.363,1872935.866,11.76470588235294,6451454.012,1872996.294,8.90582139591588,9.323377019201462
8503,6451523.323,1872933.245,12.023773239865895,6451456.155,1872994.227,9.039926851569643,9.63120999695215
8504,6451526.368,1872930.605,12.157878695519658,6451458.331,1872992.124,9.125266686985675,9.972569338616275
8505,6451529.391,1872927.985,12.197500761962816,6451460.493,1872990.044,9.146601645839683,10.28040231636696
8506,6451532.413,1872925.365,12.194452910697956,6451462.655,1872987.965,9.140505943309966,10.50899116123133
8507,6451535.436,1872922.745,12.188357208168242,6451464.817,1872985.885,9.137458092045108,10.694910088387687
8508,6451538.458,1872920.125,12.188357208168242,6451466.979,1872983.805,9.137458092045108,10.880829015544041
8509,6451541.481,1872917.505,12.188357208168242,6451469.141,1872981.725,9.131362389515392,11.07893934775983
8510,6451544.503,1872914.885,12.124352331606218,6451471.303,1872979.645,9.128314538250534,11.28924108503505
8511,6451547.526,1872912.265,11.978055470893018,6451473.465,1872977.565,9.164888753428832,11.493447119780555
8512,6451550.548,1872909.645,11.917098445595855,6451475.606,1872975.506,9.295946357817739,11.69765315452606
8513,6451553.548,1872907.044,12.051203901249618,6451477.825,1872973.427,9.548918012800975,11.90795489180128
8514,6451556.633,1872904.425,12.40475464797318,6451480.128,1872971.241,9.896373056994818,12.072538860103625
8515,6451559.804,1872901.706,12.892410850350501,6451482.509,1872968.921,10.240780249923803,12.167022249314233
8516,6451563.056,1872898.858,13.297775068576653,6451484.975,1872966.494,10.524230417555623,12.197500761962816
8517,6451566.394,1872895.91,13.55074672355989,6451487.5,1872964.058,10.755867113684852,12.194452910697956
8518,6451569.817,1872892.943,13.684852179213653,6451490.067,1872961.632,10.984455958549223,12.188357208168242
8519,6451573.217,1872889.995,13.724474245656811,6451492.714,1872959.146,11.21914050594331,12.188357208168242
8520,6451576.617,1872887.048,13.718378543127095,6451495.432,1872956.553,11.41115513562938,12.185309356903382
8521,6451580.017,1872884.1,13.715330691862237,6451498.227,1872953.955,11.505638524839988,12.12130448034136
8522,6451583.418,1872881.153,13.715330691862237,6451501.098,1872951.468,11.530021334958853,12.01158183480646
8523,6451586.818,1872878.205,13.715330691862237,6451503.954,1872949.037,11.566595550137153,12.005486132276745
8524,6451590.218,1872875.257,13.715330691862237,6451506.795,1872946.561,11.670222493142333,12.17007010057909
8525,6451593.619,1872872.31,13.715330691862237,6451509.641,1872943.964,11.825662907650106,12.502285888448645
8526,6451597.019,1872869.362,13.715330691862237,6451512.555,1872941.312,11.978055470893018,12.895458701615361
8527,6451600.419,1872866.415,13.715330691862237,6451515.506,1872938.691,12.090825967692776,13.185004571776895
8528,6451603.82,1872863.467,13.715330691862237,6451518.523,1872936.071,12.148735141725084,13.319110027430662
8529,6451607.22,1872860.52,13.715330691862237,6451521.556,1872933.451,12.176165803108809,13.346540688814384
8530,6451610.62,1872857.572,13.715330691862237,6451524.579,1872930.831,12.22493142334654,13.325205729960377
8531,6451614.021,1872854.625,13.715330691862237,6451527.579,1872928.23,12.352941176470589,13.346540688814384
8532,6451617.421,1872851.677,13.715330691862237,6451530.664,1872925.611,12.605912831453825,13.456263334349282
8533,6451620.821,1872848.73,13.715330691862237,6451533.834,1872922.892,12.95032002438281,13.596464492532764
8534,6451624.221,1872845.782,13.721426394391955,6451537.086,1872920.044,13.297775068576653,13.690947881743371
8535,6451627.622,1872842.835,13.724474245656811,6451540.425,1872917.096,13.486741846997866,13.724474245656811
8536,6451631.022,1872839.887,13.69399573300823,6451543.847,1872914.129,13.474550441938433,13.721426394391955
8537,6451634.445,1872836.92,13.599512343797622,6451547.248,1872911.181,13.41054556537641,13.715330691862237
8538,6451637.799,1872833.992,13.428832672965559,6451550.648,1872908.234,13.407497714111551,13.715330691862237
8539,6451641.106,1872831.124,13.224626638220055,6451554.048,1872905.286,13.508076805851873,13.715330691862237
8540,6451644.361,1872828.325,13.093569033831148,6451557.448,1872902.339,13.645230112770497,13.715330691862237
8541,6451647.531,1872825.577,13.096616885096006,6451560.856,1872899.393,13.700091435537946,13.715330691862237
8542,6451650.786,1872822.777,13.203291679366046,6451564.243,1872896.445,13.706187138067662,13.715330691862237
8543,6451654.09,1872819.891,13.322157878695519,6451567.606,1872893.485,13.74580920451082,13.715330691862237
8544,6451657.448,1872816.98,13.364827796403535,6451570.997,1872890.512,13.822005486132277,13.715330691862237
8545,6451660.755,1872814.111,13.352636391344102,6451574.439,1872887.533,13.910393172813166,13.715330691862237
8546,6451664.005,1872811.293,13.367875647668393,6451577.934,1872884.555,13.980493751904906,13.715330691862237
8547,6451667.321,1872808.455,13.456263334349282,6451581.456,1872881.581,14.014020115818347,13.715330691862237
8548,6451670.677,1872805.549,13.562938128619322,6451584.964,1872878.605,14.023163669612922,13.715330691862237
8549,6451674.108,1872802.607,13.626943005181348,6451588.473,1872875.63,14.020115818348064,13.715330691862237
8550,6451677.517,1872799.702,13.636086558975922,6451591.982,1872872.655,14.014020115818347,13.715330691862237
8551,6451680.926,1872796.827,13.614751600121915,6451595.49,1872869.68,14.020115818348064,13.715330691862237
8552,6451684.334,1872793.964,13.575129533678755,6451598.994,1872866.712,14.053642182261505,13.715330691862237
8553,6451687.764,1872791.069,13.468454739408715,6451602.502,1872863.737,14.13288631514782,13.712282840597378
8554,6451691.118,1872788.161,13.245961597074063,6451606.035,1872860.721,14.248704663212434,13.709234989332518
8555,6451694.389,1872785.34,12.925937214263943,6451609.6,1872857.651,14.36452301127705,13.739713501981102
8556,6451697.584,1872782.66,12.590673575129534,6451613.19,1872854.539,14.443767144163365,13.840292593721426
8557,6451700.697,1872780.083,12.343797622676012,6451616.784,1872851.42,14.477293508076805,14.026211520877782
8558,6451703.735,1872777.525,12.215787869551965,6451620.373,1872848.309,14.480341359341663,14.25784821700701
8559,6451706.793,1872774.947,12.176165803108809,6451623.962,1872845.198,14.480341359341663,14.471197805547087
8560,6451709.852,1872772.369,12.17007010057909,6451627.551,1872842.086,14.480341359341663,14.611398963730569
8561,6451712.91,1872769.791,12.1548308442548,6451631.141,1872838.975,14.477293508076805,14.67845169155745
8562,6451715.983,1872767.252,12.139591587930507,6451634.732,1872835.858,14.455958549222798,14.675403840292592
8563,6451718.936,1872764.621,12.12130448034136,6451638.321,1872832.746,14.410240780249923,14.593111856141421
8564,6451721.854,1872761.859,12.096921670222493,6451641.9,1872829.665,14.340140201158182,14.413288631514781
8565,6451724.673,1872759.096,12.078634562633344,6451645.467,1872826.623,14.270039622066443,14.138982017677536
8566,6451727.581,1872756.398,12.075586711368484,6451649.024,1872823.611,14.224321853093569,13.858579701310575
8567,6451730.536,1872753.813,12.109113075281925,6451652.579,1872820.605,14.212130448034136,13.669612922889362
8568,6451733.586,1872751.217,12.15178299298994,6451656.137,1872817.593,14.224321853093569,13.575129533678755
8569,6451736.571,1872748.548,12.185309356903382,6451659.694,1872814.581,14.236513258153002,13.523316062176164
8570,6451739.568,1872745.899,12.194452910697956,6451663.251,1872811.569,14.236513258153002,13.447119780554708
8571,6451742.565,1872743.25,12.197500761962816,6451666.808,1872808.557,14.227369704358427,13.33739713501981
8572,6451745.562,1872740.601,12.200548613227674,6451670.365,1872805.544,14.206034745504418,13.209387381895764
8573,6451748.559,1872737.952,12.160926546784516,6451673.922,1872802.524,14.18469978665041,13.050899116123134
8574,6451751.578,1872735.283,11.990246875952455,6451677.479,1872799.52,14.157269125266687,12.82535812252362
8575,6451754.513,1872732.633,11.648887534288326,6451681.037,1872796.548,14.138982017677536,12.566290765010667
8576,6451757.363,1872730.084,11.240475464797319,6451684.596,1872793.59,14.138982017677536,12.34684547394087
8577,6451760.133,1872727.666,10.896068271868332,6451688.154,1872790.618,14.157269125266687,12.221883572081682
8578,6451762.816,1872725.348,10.70405364218226,6451691.711,1872787.614,14.18469978665041,12.182261505638524
8579,6451765.416,1872723.05,10.658335873209387,6451695.268,1872784.594,14.199939042974703,12.185309356903382
8580,6451768.039,1872720.732,10.658335873209387,6451698.825,1872781.582,14.212130448034136,12.1914050594331
8581,6451770.661,1872718.414,10.661383724474245,6451702.382,1872778.57,14.202986894239562,12.197500761962816
8582,6451773.283,1872716.096,10.667479427003961,6451705.939,1872775.558,14.096312099969522,12.200548613227674
8583,6451775.906,1872713.778,10.667479427003961,6451709.511,1872772.499,13.837244742456567,12.160926546784516
8584,6451778.528,1872711.46,10.667479427003961,6451712.937,1872769.571,13.41054556537641,11.993294727217311
8585,6451781.15,1872709.141,10.667479427003961,6451716.245,1872766.804,12.895458701615361,11.651935385553184
8586,6451783.773,1872706.823,10.667479427003961,6451719.442,1872764.172,12.459615970740629,11.243523316062175
8587,6451786.395,1872704.505,10.667479427003961,6451722.493,1872761.706,12.218835720816825,10.89911612313319
8588,6451789.017,1872702.187,10.667479427003961,6451725.507,1872759.175,12.133495885400793,10.70710149344712
8589,6451791.64,1872699.869,10.667479427003961,6451728.581,1872756.575,12.078634562633344,10.661383724474245
8590,6451794.262,1872697.551,10.67052727826882,6451731.662,1872753.979,11.944529106979578,10.658335873209387
8591,6451796.884,1872695.233,10.676622980798538,6451734.61,1872751.464,11.740323072234075,10.667479427003961
8592,6451799.507,1872692.915,10.664431575739105,6451737.378,1872748.925,11.554404145077719,10.676622980798538
8593,6451802.138,1872690.583,10.60042669917708,6451740.062,1872746.263,11.453825053337397,10.646144468149954
8594,6451804.761,1872688.264,10.457177689728741,6451742.626,1872743.542,11.426394391953673,10.551661078939347
8595,6451807.326,1872686.019,10.24992380371838,6451745.273,1872740.853,11.432490094483388,10.380981408107285
8596,6451809.855,1872683.873,10.042669917708016,6451748.009,1872738.324,11.44772935080768,10.17677537336178
8597,6451812.324,1872681.796,9.896373056994818,6451750.922,1872735.884,11.417250838159097,10.042669917708016
8598,6451814.777,1872679.725,9.826272477903078,6451753.712,1872733.397,11.292288936299908,10.042669917708016
8599,6451817.236,1872677.638,9.826272477903078,6451756.54,1872730.897,11.12770496799756,10.17677537336178
8600,6451819.688,1872675.566,9.905516610789393,6451759.307,1872728.429,10.960073148430356,10.384029259372141
8601,6451822.161,1872673.489,10.067052727826882,6451762.022,1872726.03,10.822919841511734,10.560804632733921
8602,6451824.695,1872671.347,10.28345016763182,6451764.69,1872723.693,10.74367570862542,10.63700091435538
8603,6451827.266,1872669.113,10.490704053642183,6451767.29,1872721.395,10.68881438585797,10.58213959158793
8604,6451829.901,1872666.809,10.624809509295945,6451769.913,1872719.077,10.658335873209387,10.399268515696432
8605,6451832.546,1872664.493,10.679670832063394,6451772.535,1872716.759,10.661383724474245,10.140201158183482
8606,6451835.181,1872662.19,10.655288021944529,6451775.157,1872714.441,10.667479427003961,9.887229503200242
8607,6451837.839,1872659.868,10.554708930204207,6451777.78,1872712.123,10.667479427003961,9.704358427308748
8608,6451840.429,1872657.583,10.387077110637,6451780.402,1872709.805,10.667479427003961,9.612922889362999
8609,6451842.971,1872655.361,10.158488265772629,6451783.024,1872707.486,10.667479427003961,9.615970740627857
8610,6451845.455,1872653.188,9.905516610789393,6451785.647,1872705.168,10.667479427003961,9.71654983236818
8611,6451847.866,1872651.084,9.652544955806157,6451788.269,1872702.85,10.667479427003961,9.917708015848826
8612,6451850.218,1872649.029,9.423956110941786,6451790.891,1872700.532,10.667479427003961,10.15544041450777
8613,6451852.523,1872647.037,9.25632429137458,6451793.514,1872698.214,10.667479427003961,10.31697653154526
8614,6451854.76,1872645.082,9.164888753428832,6451796.136,1872695.896,10.667479427003961,10.31697653154526
8615,6451857.019,1872643.108,9.13441024078025,6451798.758,1872693.578,10.667479427003961,10.15544041450777
8616,6451859.278,1872641.134,9.140505943309966,6451801.383,1872691.257,10.652240170679672,9.908564462054251
8617,6451861.537,1872639.159,9.143553794574824,6451804.005,1872688.939,10.621761658031089,9.652544955806157
8618,6451863.796,1872637.185,9.143553794574824,6451806.616,1872686.635,10.576043889058214,9.423956110941786
8619,6451866.055,1872635.211,9.143553794574824,6451809.213,1872684.352,10.530326120085338,9.259372142639439
8620,6451868.314,1872633.237,9.143553794574824,6451811.796,1872682.08,10.496799756171898,9.164888753428832
8621,6451870.573,1872631.263,9.143553794574824,6451814.37,1872679.802,10.487656202377323,9.13441024078025
8622,6451872.832,1872629.289,9.143553794574824,6451816.943,1872677.519,10.49375190490704,9.137458092045108
8623,6451875.091,1872627.315,9.143553794574824,6451819.515,1872675.24,10.481560499847607,9.143553794574824
8624,6451877.35,1872625.341,9.143553794574824,6451822.119,1872672.948,10.40536421822615,9.143553794574824
8625,6451879.609,1872623.367,9.143553794574824,6451824.679,1872670.668,10.240780249923803,9.143553794574824
8626,6451881.868,1872621.393,9.143553794574824,6451827.162,1872668.493,10.018287107589149,9.143553794574824
8627,6451884.127,1872619.419,9.143553794574824,6451829.6,1872666.401,9.814081072843646,9.143553794574824
8628,6451886.386,1872617.445,9.143553794574824,6451831.976,1872664.326,9.661688509600731,9.143553794574824
8629,6451888.645,1872615.471,9.143553794574824,6451834.362,1872662.241,9.533678756476684,9.143553794574824
8630,6451890.904,1872613.497,9.143553794574824,6451836.711,1872660.167,9.369094788174337,9.143553794574824
8631,6451893.163,1872611.523,9.143553794574824,6451839.014,1872658.153,9.122218835720817,9.143553794574824
8632,6451895.422,1872609.549,9.143553794574824,6451841.237,1872656.205,8.814385857970132,9.143553794574824
8633,6451897.681,1872607.575,9.146601645839683,6451843.381,1872654.343,8.491313623895154,9.143553794574824
8634,6451899.94,1872605.601,9.152697348369399,6451845.452,1872652.587,8.207863456263334,9.143553794574824
8635,6451902.199,1872603.627,9.125266686985675,6451847.452,1872650.889,8.012800975312404,9.143553794574824
8636,6451904.473,1872601.631,9.036879000304785,6451849.361,1872649.172,7.915269734836939,9.143553794574824
8637,6451906.711,1872599.686,8.911917098445596,6451851.277,1872647.425,7.890886924718074,9.143553794574824
8638,6451908.895,1872597.825,8.811338006705272,6451853.198,1872645.686,7.893934775982931,9.143553794574824
8639,6451911.027,1872595.957,8.814385857970132,6451855.119,1872643.947,7.89698262724779,9.143553794574824
8640,6451913.125,1872594.0,8.918012800975312,6451857.041,1872642.208,7.893934775982931,9.143553794574824
8641,6451915.25,1872591.91,9.042974702834503,6451858.962,1872640.469,7.890886924718074,9.143553794574824
8642,6451917.397,1872589.769,9.128314538250534,6451860.883,1872638.73,7.9061261810423655,9.143553794574824
8643,6451919.536,1872587.658,9.152697348369399,6451862.791,1872637.001,7.979274611398964,9.143553794574824
8644,6451921.676,1872585.547,9.146601645839683,6451864.73,1872635.263,8.12557147211216,9.143553794574824
8645,6451923.815,1872583.436,9.143553794574824,6451866.741,1872633.472,8.329777506857665,9.143553794574824
8646,6451925.955,1872581.325,9.140505943309966,6451868.8,1872631.613,8.533983541603169,9.143553794574824
8647,6451928.094,1872579.214,9.143553794574824,6451870.929,1872629.701,8.680280402316367,9.143553794574824
8648,6451930.226,1872577.099,9.152697348369399,6451873.091,1872627.781,8.750380981408107,9.143553794574824
8649,6451932.365,1872574.988,9.180128009753124,6451875.24,1872625.87,8.768668088997256,9.143553794574824
8650,6451934.543,1872572.897,9.21975007619628,6451877.388,1872623.96,8.7656202377324,9.143553794574824
8651,6451936.768,1872570.833,9.259372142639439,6451879.537,1872622.049,8.76257238646754,9.143553794574824
8652,6451939.033,1872568.788,9.283754952758306,6451881.685,1872620.138,8.76257238646754,9.143553794574824
8653,6451941.304,1872566.748,9.295946357817739,6451883.834,1872618.228,8.76257238646754,9.143553794574824
8654,6451943.567,1872564.703,9.317281316671746,6451885.982,1872616.317,8.76257238646754,9.143553794574824
8655,6451945.831,1872562.658,9.36299908564462,6451888.131,1872614.407,8.76257238646754,9.143553794574824
8656,6451948.095,1872560.614,9.393477598293202,6451890.279,1872612.496,8.76257238646754,9.143553794574824
8657,6451950.359,1872558.569,9.393477598293202,6451892.427,1872610.585,8.76257238646754,9.143553794574824
8658,6451952.622,1872556.525,9.359951234379762,6451894.576,1872608.675,8.76257238646754,9.143553794574824
8659,6451954.886,1872554.48,9.317281316671746,6451896.724,1872606.764,8.76257238646754,9.143553794574824
8660,6451957.15,1872552.436,9.295946357817739,6451898.873,1872604.854,8.76257238646754,9.143553794574824
8661,6451959.414,1872550.391,9.295946357817739,6451901.021,1872602.943,8.759524535202681,9.143553794574824
8662,6451961.678,1872548.346,9.295946357817739,6451903.17,1872601.032,8.759524535202681,9.143553794574824
8663,6451963.941,1872546.302,9.295946357817739,6451905.319,1872599.128,8.777811642791832,9.143553794574824
8664,6451966.205,1872544.257,9.295946357817739,6451907.46,1872597.215,8.823529411764705,9.143553794574824
8665,6451968.469,1872542.213,9.292898506552879,6451909.605,1872595.273,8.902773544651021,9.161840902163974
8666,6451970.733,1872540.168,9.286802804023162,6451911.783,1872593.302,9.000304785126486,9.20451081987199
8667,6451972.997,1872538.123,9.314233465406888,6451914.006,1872591.315,9.082596769277659,9.234989332520573
8668,6451975.245,1872536.096,9.427003962206644,6451916.265,1872589.335,9.128314538250534,9.234989332520573
8669,6451977.54,1872534.05,9.66473636086559,6451918.531,1872587.363,9.146601645839683,9.20451081987199
8670,6451979.925,1872531.915,10.048765620237731,6451920.79,1872585.389,9.146601645839683,9.161840902163974
8671,6451982.425,1872529.707,10.502895458701616,6451923.049,1872583.415,9.143553794574824,9.143553794574824
8672,6451985.081,1872527.342,10.859494056690034,6451925.308,1872581.441,9.143553794574824,9.143553794574824
8673,6451987.848,1872524.834,10.963120999695214,6451927.567,1872579.467,9.143553794574824,9.143553794574824
8674,6451990.611,1872522.404,10.755867113684852,6451929.826,1872577.493,9.143553794574824,9.143553794574824
8675,6451993.253,1872520.143,10.326120085339836,6451932.085,1872575.519,9.143553794574824,9.143553794574824
8676,6451995.783,1872518.016,9.89332520572996,6451934.344,1872573.545,9.143553794574824,9.143553794574824
8677,6451998.136,1872516.044,9.600731484303566,6451936.603,1872571.571,9.143553794574824,9.137458092045108
8678,6452000.487,1872514.018,9.472721731179517,6451938.863,1872569.597,9.143553794574824,9.13441024078025
8679,6452002.838,1872511.993,9.451386772325511,6451941.122,1872567.623,9.143553794574824,9.164888753428832
8680,6452005.189,1872509.968,9.457482474855228,6451943.381,1872565.649,9.161840902163974,9.259372142639439
8681,6452007.54,1872507.942,9.457482474855228,6451945.64,1872563.675,9.207558671136848,9.427003962206644
8682,6452009.891,1872505.917,9.457482474855228,6451947.899,1872561.701,9.24108503505029,9.652544955806157
8683,6452012.242,1872503.892,9.457482474855228,6451950.158,1872559.727,9.24108503505029,9.881133800670527
8684,6452014.595,1872501.869,9.457482474855228,6451952.417,1872557.753,9.207558671136848,10.048765620237731
8685,6452016.948,1872499.846,9.457482474855228,6451954.676,1872555.779,9.161840902163974,10.115818348064613
8686,6452019.301,1872497.823,9.457482474855228,6451956.935,1872553.805,9.143553794574824,10.085339835416033
8687,6452021.652,1872495.798,9.457482474855228,6451959.194,1872551.831,9.143553794574824,10.003047851264858
8688,6452024.003,1872493.772,9.457482474855228,6451961.453,1872549.857,9.143553794574824,9.899420908259675
8689,6452026.354,1872491.747,9.457482474855228,6451963.712,1872547.883,9.143553794574824,9.801889667784211
8690,6452028.705,1872489.721,9.457482474855228,6451965.971,1872545.909,9.143553794574824,9.765315452605913
8691,6452031.056,1872487.696,9.457482474855228,6451968.23,1872543.935,9.143553794574824,9.84151173422737
8692,6452033.407,1872485.671,9.457482474855228,6451970.489,1872541.96,9.143553794574824,10.054861322767449
8693,6452035.757,1872483.646,9.463578177384944,6451972.748,1872539.986,9.143553794574824,10.344407192928983
8694,6452038.108,1872481.621,9.475769582444377,6451975.007,1872538.012,9.143553794574824,10.588235294117647
8695,6452040.465,1872479.591,9.491008838768668,6451977.266,1872536.038,9.143553794574824,10.72234074977141
8696,6452042.827,1872477.555,9.509295946357817,6451979.525,1872534.064,9.143553794574824,10.731484303565987
8697,6452045.194,1872475.515,9.518439500152393,6451981.784,1872532.09,9.143553794574824,10.630905211825663
8698,6452047.562,1872473.474,9.52453520268211,6451984.043,1872530.116,9.143553794574824,10.448034135934167
8699,6452049.929,1872471.433,9.52453520268211,6451986.302,1872528.142,9.143553794574824,10.19506248095093
8700,6452052.296,1872469.393,9.500152392563242,6451988.561,1872526.168,9.143553794574824,9.920755867113684
8701,6452054.663,1872467.353,9.445291069795793,6451990.82,1872524.194,9.143553794574824,9.652544955806157
8702,6452057.03,1872465.312,9.408716854617495,6451993.079,1872522.22,9.143553794574824,9.417860408412068
8703,6452059.398,1872463.272,9.408716854617495,6451995.338,1872520.246,9.140505943309966,9.253276440109723
8704,6452061.765,1872461.232,9.445291069795793,6451997.597,1872518.272,9.13441024078025,9.164888753428832
8705,6452064.132,1872459.191,9.500152392563242,6451999.856,1872516.298,9.143553794574824,9.13441024078025
8706,6452066.499,1872457.151,9.52453520268211,6452002.108,1872514.34,9.20451081987199,9.140505943309966
8707,6452068.866,1872455.111,9.52453520268211,6452004.367,1872512.367,9.34775982932033,9.143553794574824
8708,6452071.233,1872453.07,9.52453520268211,6452006.663,1872510.31,9.55806156659555,9.143553794574824
8709,6452073.6,1872451.03,9.52453520268211,6452009.005,1872508.145,9.765315452605913,9.143553794574824
8710,6452075.967,1872448.99,9.527583053946968,6452011.385,1872505.897,9.905516610789393,9.143553794574824
8711,6452078.335,1872446.949,9.530630905211826,6452013.773,1872503.635,9.969521487351416,9.122218835720817
8712,6452080.702,1872444.909,9.518439500152393,6452016.154,1872501.391,9.984760743675707,9.070405364218226
8713,6452083.083,1872442.867,9.478817433709235,6452018.535,1872499.145,9.969521487351416,9.033831149039926
8714,6452085.435,1872440.825,9.39652544955806,6452020.922,1872496.882,9.905516610789393,9.033831149039926
8715,6452087.734,1872438.791,9.286802804023162,6452023.3,1872494.633,9.762267601341055,9.070405364218226
8716,6452089.983,1872436.778,9.192319414812557,6452025.643,1872492.467,9.561109417860408,9.122218835720817
8717,6452092.203,1872434.789,9.140505943309966,6452027.936,1872490.409,9.356903383114904,9.143553794574824
8718,6452094.446,1872432.814,9.128314538250534,6452030.193,1872488.433,9.18317586101798,9.143553794574824
8719,6452096.71,1872430.84,9.137458092045108,6452032.464,1872486.453,9.02773544651021,9.143553794574824
8720,6452098.966,1872428.863,9.143553794574824,6452034.675,1872484.494,8.85096007314843,9.143553794574824
8721,6452101.223,1872426.886,9.143553794574824,6452036.839,1872482.598,8.652849740932643,9.143553794574824
8722,6452103.479,1872424.909,9.143553794574824,6452038.95,1872480.771,8.518744285278878,9.143553794574824
8723,6452105.736,1872422.933,9.143553794574824,6452040.978,1872478.994,8.491313623895154,9.143553794574824
8724,6452107.993,1872420.956,9.143553794574824,6452043.087,1872477.147,8.540079244132885,9.143553794574824
8725,6452110.249,1872418.979,9.143553794574824,6452045.23,1872475.27,8.610179823224627,9.143553794574824
8726,6452112.506,1872417.002,9.143553794574824,6452047.351,1872473.412,8.64065833587321,9.143553794574824
8727,6452114.763,1872415.025,9.143553794574824,6452049.503,1872471.527,8.634562633343492,9.143553794574824
8728,6452117.019,1872413.049,9.143553794574824,6452051.624,1872469.669,8.631514782078634,9.143553794574824
8729,6452119.276,1872411.072,9.143553794574824,6452053.745,1872467.811,8.63761048460835,9.143553794574824
8730,6452121.533,1872409.095,9.143553794574824,6452055.874,1872465.946,8.646754038402927,9.143553794574824
8731,6452123.789,1872407.118,9.143553794574824,6452058.039,1872464.05,8.661993294727218,9.143553794574824
8732,6452126.046,1872405.142,9.143553794574824,6452060.253,1872462.111,8.661993294727218,9.143553794574824
8733,6452128.302,1872403.165,9.143553794574824,6452062.417,1872460.215,8.652849740932643,9.143553794574824
8734,6452130.559,1872401.188,9.14964949710454,6452064.547,1872458.349,8.646754038402927,9.143553794574824
8735,6452132.816,1872399.211,9.152697348369399,6452066.668,1872456.491,8.610179823224627,9.143553794574824
8736,6452135.072,1872397.235,9.11307528192624,6452068.811,1872454.614,8.51569643401402,9.143553794574824
8737,6452137.351,1872395.239,8.988113380067052,6452070.913,1872452.747,8.35416031697653,9.143553794574824
8738,6452139.546,1872393.261,8.805242304175556,6452072.945,1872450.97,8.12557147211216,9.143553794574824
8739,6452141.671,1872391.403,8.628466930813776,6452074.919,1872449.242,7.893934775982931,9.143553794574824
8740,6452143.745,1872389.638,8.469978665041145,6452076.845,1872447.576,7.762877171594026,9.143553794574824
8741,6452145.739,1872387.891,8.314538250533374,6452078.681,1872445.967,7.802499238037184,9.143553794574824
8742,6452147.746,1872386.132,8.122523620847302,6452080.623,1872444.321,8.028040231636696,9.143553794574824
8743,6452149.717,1872384.385,7.89698262724779,6452082.651,1872442.575,8.351112465711672,9.146601645839683
8744,6452151.643,1872382.719,7.756781469064309,6452084.744,1872440.678,8.616275525754343,9.152697348369399
8745,6452153.479,1872381.11,7.762877171594026,6452086.956,1872438.719,8.741237427613532,9.11307528192624
8746,6452155.405,1872379.444,7.872599817128923,6452089.121,1872436.823,8.738189576348674,8.982017677537335
8747,6452157.376,1872377.697,7.98537031392868,6452091.243,1872434.955,8.652849740932643,8.725998171289241
8748,6452159.406,1872375.919,7.991466016458396,6452093.392,1872433.074,8.503505028954587,8.405973788479121
8749,6452161.376,1872374.171,7.881743370923498,6452095.51,1872431.227,8.265772630295642,8.149954282231027
8750,6452163.302,1872372.506,7.73849436147516,6452097.558,1872429.508,7.96708320633953,8.070710149344713
8751,6452165.161,1872370.878,7.644010972264553,6452099.549,1872427.943,7.698872295032003,8.12861932337702
8752,6452167.041,1872369.23,7.610484608351112,6452101.446,1872426.416,7.537336177994514,8.156049984760743
8753,6452168.922,1872367.583,7.61353245961597,6452103.347,1872424.87,7.476379152697349,8.049375190490704
8754,6452170.802,1872365.936,7.619628162145687,6452105.253,1872423.321,7.476379152697349,7.854312709539774
8755,6452172.683,1872364.288,7.619628162145687,6452107.16,1872421.772,7.482474855227065,7.677537336177995
8756,6452174.563,1872362.641,7.619628162145687,6452109.066,1872420.223,7.479427003962206,7.610484608351112
8757,6452176.444,1872360.994,7.619628162145687,6452110.972,1872418.674,7.47333130143249,7.61353245961597
8758,6452178.324,1872359.346,7.619628162145687,6452112.878,1872417.125,7.485522706491922,7.619628162145687
8759,6452180.205,1872357.699,7.619628162145687,6452114.775,1872415.589,7.546479731789089,7.619628162145687
8760,6452182.085,1872356.052,7.61353245961597,6452116.681,1872414.041,7.689728741237428,7.619628162145687
8761,6452183.966,1872354.404,7.610484608351112,6452118.65,1872412.423,7.893934775982931,7.619628162145687
8762,6452185.846,1872352.757,7.644010972264553,6452120.654,1872410.715,8.098140810728436,7.619628162145687
8763,6452187.705,1872351.129,7.73849436147516,6452122.72,1872408.938,8.241389820176774,7.619628162145687
8764,6452189.631,1872349.463,7.878695519658641,6452124.796,1872407.148,8.305394696738798,7.619628162145687
8765,6452191.601,1872347.716,7.991466016458396,6452126.862,1872405.371,8.314538250533374,7.619628162145687
8766,6452193.631,1872345.938,7.991466016458396,6452128.928,1872403.594,8.308442548003658,7.619628162145687
8767,6452195.602,1872344.19,7.881743370923498,6452130.995,1872401.817,8.305394696738798,7.619628162145687
8768,6452197.528,1872342.525,7.73849436147516,6452133.061,1872400.04,8.305394696738798,7.619628162145687
8769,6452199.386,1872340.897,7.644010972264553,6452135.127,1872398.264,8.305394696738798,7.619628162145687
8770,6452201.267,1872339.249,7.610484608351112,6452137.193,1872396.487,8.305394696738798,7.619628162145687
8771,6452203.147,1872337.602,7.6165803108808285,6452139.259,1872394.71,8.305394696738798,7.619628162145687
8772,6452205.028,1872335.955,7.61353245961597,6452141.326,1872392.933,8.341968911917098,7.619628162145687
8773,6452206.908,1872334.307,7.610484608351112,6452143.392,1872391.157,8.424260896068272,7.619628162145687
8774,6452208.789,1872332.66,7.644010972264553,6452145.458,1872389.38,8.482170070100578,7.619628162145687
8775,6452210.647,1872331.032,7.73849436147516,6452147.524,1872387.603,8.482170070100578,7.619628162145687
8776,6452212.573,1872329.366,7.878695519658641,6452149.591,1872385.826,8.427308747333129,7.619628162145687
8777,6452214.544,1872327.618,7.98537031392868,6452151.657,1872384.05,8.345016763181956,7.619628162145687
8778,6452216.574,1872325.841,8.015848826577264,6452153.723,1872382.273,8.290155440414507,7.619628162145687
8779,6452218.546,1872324.113,8.034135934166413,6452155.807,1872380.491,8.223102712587625,7.619628162145687
8780,6452220.472,1872322.447,8.149954282231027,6452157.837,1872378.711,8.095092959463578,7.619628162145687
8781,6452222.516,1872320.72,8.405973788479121,6452159.806,1872376.961,7.9213654373666555,7.619628162145687
8782,6452224.625,1872318.843,8.725998171289241,6452161.73,1872375.258,7.756781469064309,7.619628162145687
8783,6452226.82,1872316.865,8.982017677537335,6452163.573,1872373.599,7.65010667479427,7.619628162145687
8784,6452229.098,1872314.869,9.11307528192624,6452165.436,1872371.957,7.610484608351112,7.619628162145687
8785,6452231.355,1872312.892,9.152697348369399,6452167.324,1872370.312,7.610484608351112,7.619628162145687
8786,6452233.612,1872310.915,9.094788174337092,6452169.204,1872368.665,7.619628162145687,7.619628162145687
8787,6452235.868,1872308.939,8.97592197500762,6452171.085,1872367.017,7.619628162145687,7.61353245961597
8788,6452238.125,1872306.962,8.933252057299603,6452172.966,1872365.37,7.619628162145687,7.610484608351112
8789,6452240.358,1872305.001,9.064309661688508,6452174.846,1872363.723,7.619628162145687,7.65010667479427
8790,6452242.684,1872303.025,9.387381895763486,6452176.727,1872362.075,7.619628162145687,7.781164279183176
8791,6452245.099,1872300.967,9.826272477903078,6452178.607,1872360.428,7.619628162145687,8.034135934166413
8792,6452247.602,1872298.803,10.204206034745503,6452180.488,1872358.781,7.619628162145687,8.381590978360256
8793,6452250.194,1872296.559,10.444986284669309,6452182.368,1872357.133,7.619628162145687,8.7290460225541
8794,6452252.878,1872294.297,10.576043889058214,6452184.249,1872355.486,7.619628162145687,8.982017677537335
8795,6452255.533,1872292.044,10.61566595550137,6452186.129,1872353.839,7.619628162145687,9.11307528192624
8796,6452258.185,1872289.789,10.61871380676623,6452188.01,1872352.191,7.619628162145687,9.152697348369399
8797,6452260.84,1872287.537,10.61871380676623,6452189.89,1872350.544,7.619628162145687,9.14964949710454
8798,6452263.501,1872285.294,10.591283145382505,6452191.771,1872348.897,7.619628162145687,9.091740323072234
8799,6452266.185,1872283.031,10.505943309966472,6452193.651,1872347.249,7.619628162145687,8.982017677537335
8800,6452268.788,1872280.79,10.356598597988416,6452195.532,1872345.602,7.619628162145687,8.942395611094177
8801,6452271.35,1872278.589,10.19201462968607,6452197.412,1872343.955,7.619628162145687,9.070405364218226
8802,6452273.842,1872276.447,10.112770496799756,6452199.293,1872342.308,7.619628162145687,9.390429747028344
8803,6452276.323,1872274.362,10.173727522096922,6452201.173,1872340.66,7.619628162145687,9.829320329167937
8804,6452278.899,1872272.225,10.374885705577567,6452203.054,1872339.013,7.619628162145687,10.207253886010363
8805,6452281.539,1872270.005,10.627857360560803,6452204.934,1872337.366,7.61353245961597,10.451081987199023
8806,6452284.243,1872267.703,10.835111246571167,6452206.815,1872335.718,7.610484608351112,10.579091740323072
8807,6452287.016,1872265.358,10.944833892106065,6452208.695,1872334.071,7.640963120999695,10.621761658031089
8808,6452289.767,1872263.036,10.981408107284365,6452210.554,1872332.443,7.732398658945444,10.621761658031089
8809,6452292.519,1872260.714,10.984455958549223,6452212.48,1872330.777,7.900030478512649,10.579091740323072
8810,6452295.271,1872258.392,10.981408107284365,6452214.454,1872329.049,8.12861932337702,10.454129838463881
8811,6452298.022,1872256.07,10.93264248704663,6452216.486,1872327.272,8.381590978360256,10.240780249923803
8812,6452300.8,1872253.729,10.780249923803717,6452218.591,1872325.425,8.634562633343492,10.027430661383724
8813,6452303.469,1872251.406,10.502895458701616,6452220.754,1872323.529,8.863151478207863,9.942090825967691
8814,6452306.043,1872249.182,10.128009753124045,6452222.965,1872321.571,9.030783297775068,10.027430661383724
8815,6452308.52,1872247.088,9.75007619628162,6452225.244,1872319.575,9.122218835720817,10.173727522096922
8816,6452310.904,1872245.093,9.472721731179517,6452227.501,1872317.598,9.152697348369399,10.268210911307527
8817,6452313.177,1872243.116,9.430051813471502,6452229.757,1872315.621,9.14964949710454,10.259067357512953
8818,6452315.477,1872241.12,9.63120999695215,6452232.014,1872313.644,9.143553794574824,10.152392563242914
8819,6452317.777,1872239.123,9.807985370313927,6452234.271,1872311.668,9.091740323072234,9.957330082291984
8820,6452320.077,1872237.127,9.811033221578786,6452236.527,1872309.691,8.978969826272477,9.667784212130448
8821,6452322.377,1872235.131,9.63120999695215,6452238.784,1872307.714,8.918012800975312,9.34471197805547
8822,6452324.677,1872233.135,9.387381895763486,6452241.026,1872305.749,9.000304785126486,9.137458092045108
8823,6452326.972,1872231.145,9.31118561414203,6452243.306,1872303.773,9.23803718378543,9.152697348369399
8824,6452329.272,1872229.149,9.378238341968911,6452245.657,1872301.736,9.57330082291984,9.34471197805547
8825,6452331.596,1872227.121,9.478817433709235,6452248.061,1872299.619,9.847607436757087,9.564157269125266
8826,6452333.953,1872225.052,9.579396525449557,6452250.538,1872297.442,10.009143553794576,9.698262724779031
8827,6452336.335,1872222.952,9.646449253276439,6452253.049,1872295.252,10.08838768668089,9.73483693995733
8828,6452338.721,1872220.846,9.676927765925022,6452255.541,1872293.067,10.106674794270038,9.728741237427613
8829,6452341.103,1872218.746,9.679975617189882,6452258.03,1872290.88,10.097531240475465,9.722645534897897
8830,6452343.484,1872216.646,9.679975617189882,6452260.522,1872288.694,10.100579091740324,9.832368180432795
8831,6452345.866,1872214.546,9.676927765925022,6452263.01,1872286.522,10.146296860713196,10.076196281621456
8832,6452348.247,1872212.446,9.676927765925022,6452265.51,1872284.347,10.243828101188662,10.252971654983236
8833,6452350.628,1872210.346,9.676927765925022,6452268.061,1872282.135,10.384029259372141,10.252971654983236
8834,6452353.01,1872208.246,9.676927765925022,6452270.652,1872279.875,10.524230417555623,10.079244132886314
8835,6452355.391,1872206.146,9.676927765925022,6452273.295,1872277.581,10.621761658031089,9.832368180432795
8836,6452357.773,1872204.046,9.676927765925022,6452275.947,1872275.28,10.667479427003961,9.725693386162755
8837,6452360.154,1872201.946,9.676927765925022,6452278.591,1872272.986,10.67357512953368,9.725693386162755
8838,6452362.536,1872199.846,9.676927765925022,6452281.234,1872270.692,10.67052727826882,9.725693386162755
8839,6452364.917,1872197.746,9.676927765925022,6452283.877,1872268.398,10.667479427003961,9.725693386162755
8840,6452367.299,1872195.646,9.542822310271259,6452286.52,1872266.104,10.667479427003961,9.722645534897897
8841,6452369.68,1872193.546,9.228893629990857,6452289.164,1872263.809,10.667479427003961,9.725693386162755
8842,6452372.061,1872191.446,9.024687595245352,6452291.807,1872261.515,10.667479427003961,9.762267601341055
8843,6452374.434,1872189.36,9.09783602560195,6452294.45,1872259.221,10.667479427003961,9.847607436757087
8844,6452376.815,1872187.258,9.46967387991466,6452297.093,1872256.927,10.667479427003961,9.969521487351416
8845,6452379.275,1872185.087,9.99695214873514,6452299.737,1872254.633,10.667479427003961,10.091435537945747
8846,6452381.79,1872182.835,10.362694300518134,6452302.38,1872252.339,10.667479427003961,10.173727522096922
8847,6452384.359,1872180.527,10.539469673879914,6452305.023,1872250.045,10.667479427003961,10.21030173727522
8848,6452387.009,1872178.22,10.633953063090521,6452307.667,1872247.75,10.667479427003961,10.216397439804938
8849,6452389.659,1872175.928,10.67052727826882,6452310.31,1872245.456,10.667479427003961,10.21030173727522
8850,6452392.302,1872173.634,10.67052727826882,6452312.953,1872243.162,10.780249923803717,10.207253886010363
8851,6452394.946,1872171.34,10.667479427003961,6452315.596,1872240.868,11.033221578786955,10.21030173727522
8852,6452397.589,1872169.045,10.667479427003961,6452318.24,1872238.574,11.176470588235293,10.097531240475465
8853,6452400.232,1872166.751,10.667479427003961,6452320.905,1872236.261,11.081987199024686,9.847607436757087
8854,6452402.875,1872164.457,10.667479427003961,6452323.502,1872233.985,10.761962816214568,9.725693386162755
8855,6452405.519,1872162.163,10.667479427003961,6452326.056,1872231.791,10.402316366961292,9.838463882962511
8856,6452408.162,1872159.869,10.667479427003961,6452328.549,1872229.626,10.295641572691252,10.152392563242914
8857,6452410.805,1872157.575,10.667479427003961,6452331.103,1872227.432,10.40536421822615,10.515086863761049
8858,6452413.449,1872155.281,10.667479427003961,6452333.7,1872225.156,10.551661078939347,10.67052727826882
8859,6452416.092,1872152.986,10.667479427003961,6452336.365,1872222.843,10.649192319414812,10.67052727826882
8860,6452418.735,1872150.692,10.67357512953368,6452339.008,1872220.549,10.652240170679672,10.667479427003961
8861,6452421.378,1872148.398,10.719292898506552,6452341.674,1872218.235,10.557756781469063,10.661383724474245
8862,6452424.022,1872146.104,10.789393477598292,6452344.271,1872215.959,10.414507772020725,10.658335873209387
8863,6452426.687,1872143.791,10.774154221274001,6452346.824,1872213.765,10.271258762572387,10.691862237122827
8864,6452429.284,1872141.515,10.633953063090521,6452349.34,1872211.582,10.173727522096922,10.783297775068577
8865,6452431.838,1872139.321,10.420603474550441,6452351.847,1872209.406,10.143249009448338,10.920451081987197
8866,6452434.354,1872137.137,10.22554099359951,6452354.354,1872207.23,10.17677537336178,11.05760438890582
8867,6452436.861,1872134.961,10.15544041450777,6452356.87,1872205.046,10.271258762572387,11.145992075586712
8868,6452439.368,1872132.785,10.152392563242914,6452359.423,1872202.852,10.414507772020725,11.206949100883877
8869,6452441.906,1872130.582,10.158488265772629,6452362.02,1872200.576,10.551661078939347,11.277049679975617
8870,6452444.413,1872128.406,10.167631819567205,6452364.686,1872198.263,10.630905211825663,11.319719597683633
8871,6452446.92,1872126.23,10.167631819567205,6452367.329,1872195.969,10.515086863761049,11.292288936299908
8872,6452449.458,1872124.028,10.128009753124045,6452369.973,1872193.674,10.216397439804938,11.155135629381286
8873,6452451.987,1872121.833,10.006095702529716,6452372.616,1872191.38,10.015239256324291,10.996647363608655
8874,6452454.436,1872119.656,9.807985370313927,6452375.259,1872189.086,10.036574215178298,10.93264248704663
8875,6452456.85,1872117.591,9.63120999695215,6452377.902,1872186.792,10.259067357512953,10.911307528192623
8876,6452459.161,1872115.606,9.551965864065833,6452380.546,1872184.498,10.548613227674489,10.880829015544041
8877,6452461.519,1872113.559,9.5397744590064,6452383.189,1872182.204,10.667479427003961,10.816824138982017
8878,6452463.935,1872111.463,9.509295946357817,6452385.832,1872179.91,10.667479427003961,10.72234074977141
8879,6452466.29,1872109.397,9.402621152087779,6452388.476,1872177.615,10.667479427003961,10.643096616885096
8880,6452468.602,1872107.412,9.262419993904297,6452391.119,1872175.321,10.667479427003961,10.551661078939347
8881,6452470.846,1872105.465,9.161840902163974,6452393.762,1872173.027,10.667479427003961,10.414507772020725
8882,6452473.111,1872103.499,9.125266686985675,6452396.405,1872170.733,10.667479427003961,10.277354465102102
8883,6452475.377,1872101.532,9.158793050899115,6452399.049,1872168.439,10.667479427003961,10.188966778421213
8884,6452477.627,1872099.59,9.283754952758306,6452401.692,1872166.145,10.667479427003961,10.128009753124045
8885,6452479.923,1872097.625,9.527583053946968,6452404.335,1872163.851,10.667479427003961,10.036574215178298
8886,6452482.293,1872095.506,9.862846693081377,6452406.978,1872161.556,10.667479427003961,9.905516610789393
8887,6452484.721,1872093.278,10.201158183480645,6452409.622,1872159.262,10.667479427003961,9.774459006400487
8888,6452487.235,1872090.911,10.441938433404449,6452412.265,1872156.968,10.667479427003961,9.683023468454738
8889,6452489.772,1872088.494,10.56690033526364,6452414.908,1872154.674,10.667479427003961,9.622066443157573
8890,6452492.244,1872086.044,10.51203901249619,6452417.552,1872152.38,10.667479427003961,9.533678756476684
8891,6452494.697,1872083.572,10.301737275220967,6452420.195,1872150.086,10.661383724474245,9.39652544955806
8892,6452497.169,1872081.122,10.112770496799756,6452422.838,1872147.792,10.701005790917403,9.253276440109723
8893,6452499.701,1872078.699,9.972569338616275,6452425.481,1872145.498,10.835111246571167,9.155745199634257
8894,6452502.239,1872076.35,9.84151173422737,6452428.102,1872143.223,10.999695214873515,9.152697348369399
8895,6452504.687,1872074.186,9.646449253276439,6452430.792,1872140.91,11.170374885705577,9.280707101493446
8896,6452507.069,1872072.165,9.317281316671746,6452433.529,1872138.535,11.301432490094482,9.530630905211826
8897,6452509.389,1872070.33,9.039926851569643,6452436.317,1872136.093,11.334958854007922,9.871990246875953
8898,6452511.625,1872068.608,8.972874123742761,6452439.19,1872133.599,11.292288936299908,10.213349588540078
8899,6452513.922,1872066.789,9.082596769277659,6452441.979,1872131.157,11.152087778116428,10.457177689728741
8900,6452516.268,1872064.855,9.247180737580006,6452444.716,1872128.782,10.944833892106065,10.579091740323072
8901,6452518.661,1872062.876,9.353855531850046,6452447.405,1872126.47,10.807680585187443,10.524230417555623
8902,6452521.036,1872060.922,9.38128619323377,6452450.004,1872124.214,10.804632733922585,10.313928680280403
8903,6452523.411,1872058.968,9.378238341968911,6452452.694,1872121.902,10.911307528192623,10.124961901859189
8904,6452525.786,1872057.014,9.372142639439195,6452455.427,1872119.508,11.05760438890582,10.0
8905,6452528.161,1872055.06,9.372142639439195,6452458.198,1872117.103,11.158183480646144,9.905516610789393
8906,6452530.536,1872053.106,9.372142639439195,6452460.977,1872114.691,11.188661993294726,9.774459006400487
8907,6452532.911,1872051.152,9.372142639439195,6452463.756,1872112.278,11.158183480646144,9.52453520268211
8908,6452535.286,1872049.198,9.372142639439195,6452466.527,1872109.873,11.060652240170679,9.280707101493446
8909,6452537.661,1872047.244,9.372142639439195,6452469.26,1872107.48,10.914355379457483,9.155745199634257
8910,6452540.036,1872045.29,9.372142639439195,6452471.95,1872105.167,10.771106370009145,9.125266686985675
8911,6452542.411,1872043.337,9.372142639439195,6452474.571,1872102.892,10.701005790917403,9.13441024078025
8912,6452544.786,1872041.383,9.372142639439195,6452477.202,1872100.621,10.768058518744285,9.140505943309966
8913,6452547.161,1872039.429,9.369094788174337,6452479.858,1872098.327,10.978360256019506,9.140505943309966
8914,6452549.536,1872037.475,9.36299908564462,6452482.581,1872095.903,11.283145382505333,9.140505943309966
8915,6452551.911,1872035.521,9.390429747028344,6452485.348,1872093.367,11.581834806461444,9.137458092045108
8916,6452554.27,1872033.587,9.497104541298384,6452488.184,1872090.681,11.792136543736664,9.137458092045108
8917,6452556.676,1872031.634,9.71654983236818,6452490.98,1872087.911,11.807375800060957,9.143553794574824
8918,6452559.157,1872029.577,9.89332520572996,6452493.745,1872085.14,11.62450472416946,9.143553794574824
8919,6452561.696,1872027.384,9.902468759524535,6452496.529,1872082.392,11.42944224321853,9.110027430661383
8920,6452564.31,1872025.086,9.905516610789393,6452499.37,1872079.674,11.274001828710759,9.055166107893935
8921,6452566.971,1872022.769,10.015239256324291,6452502.229,1872077.037,11.12770496799756,9.064309661688508
8922,6452569.617,1872020.472,10.252971654983236,6452504.977,1872074.601,10.93264248704663,9.210606522401706
8923,6452572.262,1872018.175,10.54556537640963,6452507.678,1872072.291,10.649192319414812,9.52453520268211
8924,6452574.907,1872015.879,10.67052727826882,6452510.282,1872070.195,10.423651325815301,9.929899420908258
8925,6452577.552,1872013.582,10.67357512953368,6452512.918,1872068.121,10.326120085339836,10.265163060042669
8926,6452580.197,1872011.285,10.67357512953368,6452515.612,1872065.977,10.259067357512953,10.466321243523316
8927,6452582.843,1872008.988,10.67357512953368,6452518.25,1872063.855,10.128009753124045,10.539469673879914
8928,6452585.488,1872006.692,10.67052727826882,6452520.831,1872061.798,9.899420908259675,10.542517525144774
8929,6452588.133,1872004.395,10.67357512953368,6452523.336,1872059.807,9.60987503809814,10.402316366961292
8930,6452590.778,1872002.098,10.67357512953368,6452525.768,1872057.842,9.320329167936604,10.097531240475465
8931,6452593.424,1871999.801,10.67357512953368,6452528.137,1872055.999,9.128314538250534,9.881133800670527
8932,6452596.069,1871997.504,10.67357512953368,6452530.412,1872054.259,9.119170984455959,9.878085949405667
8933,6452598.714,1871995.208,10.67052727826882,6452532.703,1872052.374,9.317281316671746,10.094483389210605
8934,6452601.372,1871992.921,10.664431575739105,6452535.059,1872050.351,9.640353550746722,10.396220664431576
8935,6452604.0,1871990.607,10.652240170679672,6452537.463,1872048.173,9.920755867113684,10.527278268820481
8936,6452606.581,1871988.26,10.609570252971656,6452539.94,1872045.886,10.085339835416033,10.527278268820481
8937,6452609.193,1871985.916,10.50899116123133,6452542.395,1872043.642,10.140201158183482,10.527278268820481
8938,6452611.817,1871983.668,10.374885705577567,6452544.85,1872041.398,10.137153306918622,10.527278268820481
8939,6452614.425,1871981.575,10.28345016763182,6452547.304,1872039.154,10.131057604388905,10.527278268820481
8940,6452617.026,1871979.535,10.295641572691252,6452549.759,1872036.91,10.134105455653764,10.530326120085338
8941,6452619.673,1871977.45,10.371837854312709,6452552.214,1872034.666,10.131057604388905,10.527278268820481
8942,6452622.386,1871975.27,10.29868942395611,6452554.67,1872032.414,10.109722645534898,10.515086863761049
8943,6452625.081,1871973.072,9.951234379762267,6452557.125,1872030.17,9.9634257848217,10.487656202377323
8944,6452627.667,1871970.986,9.530630905211826,6452559.577,1872027.967,9.634257848217006,10.444986284669309
8945,6452630.184,1871969.043,9.27461139896373,6452562.025,1872025.82,9.314233465406888,10.40536421822615
8946,6452632.58,1871967.157,9.289850655288022,6452564.471,1872023.714,9.198415117342273,10.377933556842425
8947,6452635.023,1871965.213,9.457482474855228,6452566.916,1872021.616,9.329472721731179,10.365742151782992
8948,6452637.526,1871963.222,9.509295946357817,6452569.361,1872019.51,9.606827186833282,10.362694300518134
8949,6452639.965,1871961.259,9.402621152087779,6452571.807,1872017.404,9.792746113989638,10.362694300518134
8950,6452642.362,1871959.374,9.262419993904297,6452574.252,1872015.298,9.832368180432795,10.362694300518134
8951,6452644.686,1871957.524,9.16793660469369,6452576.698,1872013.192,9.832368180432795,10.365742151782992
8952,6452647.034,1871955.656,9.13441024078025,6452579.144,1872011.086,9.832368180432795,10.365742151782992
8953,6452649.381,1871953.788,9.137458092045108,6452581.589,1872008.98,9.832368180432795,10.28040231636696
8954,6452651.728,1871951.92,9.143553794574824,6452584.035,1872006.874,9.832368180432795,10.08838768668089
8955,6452654.076,1871950.051,9.143553794574824,6452586.481,1872004.768,9.832368180432795,9.951234379762267
8956,6452656.423,1871948.183,9.143553794574824,6452588.926,1872002.662,9.832368180432795,9.94818652849741
8957,6452658.771,1871946.315,9.14964949710454,6452591.372,1872000.556,9.832368180432795,10.085339835416033
8958,6452661.118,1871944.447,9.158793050899115,6452593.818,1871998.45,9.832368180432795,10.28040231636696
8959,6452663.465,1871942.579,9.16793660469369,6452596.263,1871996.344,9.835416031697653,10.365742151782992
8960,6452665.813,1871940.711,9.16793660469369,6452598.709,1871994.238,9.84151173422737,10.368790003047852
8961,6452668.16,1871938.843,9.158793050899115,6452601.154,1871992.132,9.832368180432795,10.335263639134409
8962,6452670.508,1871936.975,9.14964949710454,6452603.608,1871990.012,9.774459006400487,10.222493142334653
8963,6452672.855,1871935.107,9.143553794574824,6452606.054,1871987.906,9.643401402011582,10.006095702529716
8964,6452675.202,1871933.239,9.143553794574824,6452608.455,1871985.87,9.451386772325511,9.710454129838464
8965,6452677.55,1871931.371,9.143553794574824,6452610.812,1871983.928,9.259372142639439,9.427003962206644
8966,6452679.897,1871929.503,9.143553794574824,6452613.124,1871982.056,9.125266686985675,9.231941481255713
